infered_area_id,total_ubertaxi_rides,total_yellowtaxi_rides,infered_area_geometry,market_potential
-1,3091,1426,"POLYGON ((-74.1148 40.3082, -73.417 40.7735, -73.47150000000001 41.0768, -73.8634 41.0794, -74.15779999999999 40.9859, -74.4511 40.8482, -74.6377 40.6375, -74.5993 40.3554, -74.1148 40.3082))",0.3156962585787027
0,37,0,"POLYGON ((-74.18300000000001 40.688, -74.1825 40.6877, -74.18129999999999 40.6878, -74.181 40.6879, -74.1807 40.6881, -74.18300000000001 40.6881, -74.18300000000001 40.688))",0.0
1,20,0,"POLYGON ((-73.6026 40.7382, -73.6585 40.813, -73.7047 40.8021, -73.73520000000001 40.7723, -73.7255 40.7643, -73.6242 40.712, -73.6052 40.7098, -73.6026 40.7382))",0.0
2,17,0,"POLYGON ((-74.1786 40.6902, -74.178 40.6901, -74.1776 40.6906, -74.1771 40.6914, -74.17699999999998 40.6918, -74.1781 40.6908, -74.1782 40.6907, -74.1786 40.6902))",0.0
3,55,0,"POLYGON ((-74.1806 40.6951, -74.1763 40.6934, -74.1771 40.695, -74.1772 40.6951, -74.17789999999999 40.6956, -74.1785 40.6956, -74.1798 40.6953, -74.1806 40.6951))",0.0
4,14,1,"POLYGON ((-73.9109 40.6412, -73.9075 40.6371, -73.896637 40.639948, -73.8848 40.6505, -73.8479 40.6837, -73.8424 40.6899, -73.8502 40.6906, -73.88330000000001 40.6703, -73.9109 40.6412))",0.06666666666666667
5,50,3,"POLYGON ((-73.7997 40.6864, -73.7786 40.7022, -73.7816 40.7133, -73.80329999999999 40.7293, -73.8184 40.7386, -73.8192 40.7387, -73.8693 40.7341, -73.86399999999998 40.7198, -73.8095 40.6901, -73.7997 40.6864))",0.05660377358490566
6,32,24,"POLYGON ((-73.78618399999999 40.645435, -73.783325 40.646582, -73.7824 40.6484, -73.7824 40.6487, -73.783474 40.648756, -73.78453499999999 40.648692, -73.78522 40.64850999999999, -73.785425 40.648332, -73.7856 40.6481, -73.78618399999999 40.645435))",0.42857142857142855
7,45,26,"POLYGON ((-73.788 40.6473, -73.78818199999999 40.647384, -73.78968499999999 40.647347, -73.79049999999999 40.6469, -73.79321 40.645035, -73.7911 40.6455, -73.78959499999999 40.64621, -73.788 40.6473))",0.36619718309859156
8,17,0,"POLYGON ((-73.9136 40.8927, -73.9089 40.8812, -73.8993 40.8928, -73.8991 40.8942, -73.90100000000002 40.8993, -73.9011 40.8995, -73.9136 40.8927))",0.0
9,12,3,"POLYGON ((-73.8994 40.8471, -73.89366 40.85463, -73.8963 40.8689, -73.9131 40.8731, -73.91920500000001 40.872057, -73.9242 40.8666, -73.913 40.8553, -73.8994 40.8471))",0.2
10,52,29,"POLYGON ((-73.77664300000001 40.645012, -73.7765 40.6451, -73.7766 40.6458, -73.77670000000001 40.6462, -73.77710999999999 40.646565, -73.777484 40.646766, -73.77979999999999 40.6471, -73.7795 40.6468, -73.77664300000001 40.645012))",0.35802469135802467
11,145,55,"POLYGON ((-73.7834 40.6445, -73.78360000000001 40.6443, -73.783089 40.643837, -73.782977 40.643867, -73.7822 40.6442, -73.7811 40.6447, -73.7801 40.6455, -73.78019999999999 40.6458, -73.78046999999999 40.646087, -73.7834 40.6445))",0.275
12,12,12,"POLYGON ((-73.7902 40.6441, -73.7902 40.6437, -73.7894 40.6427, -73.78919999999999 40.6426, -73.78924499999999 40.642992, -73.78946500000001 40.643462, -73.78959499999999 40.64362, -73.79001 40.644042, -73.7902 40.6441))",0.5
13,18,5,"POLYGON ((-73.78805 40.642135, -73.7894 40.642, -73.78876200000001 40.641428, -73.788247 40.641355, -73.7881 40.6415, -73.788 40.6419, -73.78805 40.642135))",0.21739130434782608
14,20,2,"POLYGON ((-73.919 40.615, -73.9319 40.621, -73.95229999999999 40.6164, -73.975577 40.606392, -73.9716 40.5978, -73.9624 40.5949, -73.93259999999999 40.6086, -73.919 40.615))",0.09090909090909091
15,23,0,"POLYGON ((-74.03399999999998 40.6352, -74.03660000000001 40.6131, -74.0239 40.6118, -74.0104 40.6221, -74.01309999999999 40.6339, -74.02330000000001 40.6371, -74.03399999999998 40.6352))",0.0
16,79,2,"POLYGON ((-74.0532 40.7238, -74.04640000000001 40.7151, -74.0292 40.7361, -74.029 40.7364, -74.0269 40.7397, -74.0183 40.7608, -74.02030000000001 40.7641, -74.022882 40.766242, -74.0254 40.7665, -74.0532 40.7238))",0.024691358024691357
17,22,0,"POLYGON ((-74.0401 40.7194, -74.0406 40.7134, -74.0356 40.7129, -74.0322 40.7168, -74.03230000000001 40.7195, -74.0326 40.7213, -74.0401 40.7194))",0.0
18,14,1,"POLYGON ((-74.03699999999998 40.7239, -74.0359 40.723, -74.03279999999999 40.7255, -74.03190500000001 40.730185, -74.03619999999999 40.7287, -74.03699999999998 40.7239))",0.06666666666666667
19,14,10,"POLYGON ((-73.90470000000001 40.7368, -73.8888 40.7402, -73.88290000000001 40.7438, -73.8706 40.7534, -73.8707 40.7535, -73.87909999999999 40.7575, -73.89060000000001 40.7528, -73.8997 40.7467, -73.902805 40.741547, -73.90470000000001 40.7368))",0.4166666666666667
20,42,4,"POLYGON ((-73.9464 40.6315, -73.94629999999999 40.6545, -73.9559 40.6654, -73.9769 40.6532, -73.981285 40.646893, -73.97280000000001 40.6366, -73.9528 40.6322, -73.9464 40.6315))",0.08695652173913043
21,1,27,"POLYGON ((-73.8754 40.7736, -73.874143 40.77377199999999, -73.874453 40.774108, -73.87453199999999 40.774142, -73.874927 40.774145, -73.8754 40.77381, -73.8754 40.7736))",0.9642857142857143
22,126,71,"POLYGON ((-73.8737 40.7738, -73.87051099999999 40.773329, -73.87042 40.773679, -73.87050000000001 40.7738, -73.87139999999999 40.7744, -73.871995 40.77443, -73.872826 40.774364, -73.873187 40.77431, -73.8736 40.7742, -73.8737 40.7741, -73.8737 40.7738))",0.3604060913705584
23,41,10,"POLYGON ((-73.8931 40.7653, -73.8845 40.7647, -73.88526 40.773057, -73.8854 40.7735, -73.8912 40.7708, -73.8931 40.7653))",0.19607843137254902
24,15,0,"POLYGON ((-73.9055 40.6908, -73.91 40.6934, -73.9191 40.6937, -73.9207 40.6923, -73.9161 40.6819, -73.9145 40.6785, -73.91070000000001 40.6788, -73.9097 40.6797, -73.9063 40.6877, -73.9055 40.6908))",0.0
25,69,47,"POLYGON ((-73.862675 40.769618, -73.86360000000001 40.7692, -73.863265 40.768857, -73.8629 40.7686, -73.8626 40.7684, -73.86199999999999 40.7681, -73.8618 40.7683, -73.862675 40.769618))",0.4051724137931034
26,65,43,"POLYGON ((-73.86716 40.770788, -73.8643 40.7698, -73.863084 40.769682, -73.863029 40.769699, -73.86314 40.770187, -73.864634 40.771127, -73.864788 40.771165, -73.86610999999999 40.771427, -73.86636 40.771307, -73.8669 40.771, -73.86716 40.770788))",0.39814814814814814
27,33,7,"POLYGON ((-73.94759999999999 40.7451, -73.95610000000001 40.7485, -73.9569 40.7484, -73.95959999999999 40.7399, -73.9511 40.7429, -73.94759999999999 40.7451))",0.175
28,24,16,"POLYGON ((-73.94199999999999 40.7594, -73.9479 40.752, -73.9442 40.7467, -73.94159999999999 40.7462, -73.9363 40.7495, -73.93459799999999 40.751205, -73.9332 40.7528, -73.93555000000001 40.75608, -73.937715 40.758277, -73.94199999999999 40.7594))",0.4
29,44,18,"POLYGON ((-73.9089 40.7436, -73.9083 40.7689, -73.913802 40.773552, -73.91719999999999 40.7735, -73.9272 40.7728, -73.93380000000001 40.7684, -73.93389999999999 40.7682, -73.9303 40.7575, -73.92750699999999 40.752668, -73.9271 40.7521, -73.9089 40.7436))",0.2903225806451613
30,20,10,"POLYGON ((-73.917085 40.746542, -73.9205 40.7482, -73.9293 40.7469, -73.93600000000001 40.7451, -73.9354 40.743, -73.9252 40.7395, -73.9199 40.7394, -73.91825300000001 40.743102, -73.917085 40.746542))",0.3333333333333333
31,11,4,"POLYGON ((-73.949742 40.827352, -73.9421 40.8228, -73.939865 40.82451500000001, -73.9387 40.8262, -73.9375 40.8291, -73.9448 40.83, -73.947562 40.83013, -73.948527 40.829262, -73.949742 40.827352))",0.26666666666666666
32,11,4,"POLYGON ((-73.937894 40.843802, -73.945178 40.842119, -73.94252 40.83737199999999, -73.93989999999999 40.8396, -73.937894 40.843802))",0.26666666666666666
33,25,3,"POLYGON ((-73.93689999999999 40.8548, -73.9414 40.8511, -73.94119999999999 40.8486, -73.9401 40.8464, -73.93859999999999 40.846, -73.9384 40.8463, -73.93640000000001 40.8496, -73.9335 40.8544, -73.93689999999999 40.8548))",0.10714285714285714
34,14,1,"POLYGON ((-73.929 40.6757, -73.92910000000001 40.6785, -73.930302 40.681061, -73.9333 40.6823, -73.9355 40.6828, -73.93899999999999 40.6831, -73.9318 40.6759, -73.929 40.6757))",0.06666666666666667
35,7,10,"POLYGON ((-73.941722 40.798467, -73.93429999999999 40.7938, -73.93470000000001 40.797, -73.9355 40.8003, -73.94130200000001 40.799166, -73.941722 40.798467))",0.5882352941176471
36,25,0,"POLYGON ((-74.0117 40.6727, -74.0065 40.6786, -74.0106 40.6803, -74.0175 40.6775, -74.0176 40.6766, -74.01690000000001 40.6734, -74.0117 40.6727))",0.0
37,8,8,"POLYGON ((-73.95654399999999 40.817552, -73.9543 40.8161, -73.9507 40.8183, -73.9512 40.8203, -73.9528 40.8249, -73.9543 40.8247, -73.95489999999999 40.8235, -73.95654399999999 40.817552))",0.5
38,19,11,"POLYGON ((-73.9413 40.8093, -73.94883 40.808499, -73.94029999999999 40.803, -73.93899999999999 40.8022, -73.93754799999999 40.804452, -73.94119999999999 40.8093, -73.9413 40.8093))",0.36666666666666664
39,7,11,"POLYGON ((-74.0035 40.7594, -74.002466 40.760461, -74.0026 40.7606, -74.00274899999999 40.760648, -74.00293000000001 40.7605, -74.0035 40.7594))",0.6111111111111112
40,16,1,"POLYGON ((-73.932 40.7031, -73.9312 40.7065, -73.9357 40.7066, -73.93939499999999 40.705177, -73.9388 40.7043, -73.9333 40.703, -73.932 40.7031))",0.058823529411764705
41,17,1,"POLYGON ((-73.93980000000001 40.6916, -73.9425 40.6962, -73.9466 40.6967, -73.94973299999999 40.695335, -73.9517 40.6943, -73.9504 40.69300000000001, -73.9443 40.6914, -73.94 40.6904, -73.93980000000001 40.6916))",0.05555555555555555
42,32,4,"POLYGON ((-73.92870000000001 40.7048, -73.9397 40.6957, -73.9324 40.6943, -73.9293 40.6943, -73.9199 40.7002, -73.9221 40.7025, -73.9256 40.7038, -73.92870000000001 40.7048))",0.1111111111111111
43,25,0,"POLYGON ((-73.9524 40.7354, -73.9532 40.7382, -73.9585 40.735, -73.9592 40.7326, -73.9593 40.7312, -73.95910000000001 40.7287, -73.959 40.7285, -73.9576 40.7299, -73.9524 40.7354))",0.0
44,41,4,"POLYGON ((-73.95529999999999 40.7301, -73.95229999999999 40.7233, -73.9494 40.7218, -73.94750000000001 40.7214, -73.9455 40.7214, -73.9455 40.7274, -73.94589999999999 40.7285, -73.9495 40.7306, -73.94970000000001 40.7306, -73.9543 40.7305, -73.95529999999999 40.7301))",0.08888888888888889
45,70,11,"POLYGON ((-73.99079999999999 40.7025, -73.9898 40.6997, -73.98846999999999 40.698103, -73.9829 40.7014, -73.9819 40.7022, -73.9811 40.7029, -73.9846 40.7041, -73.98650000000001 40.7044, -73.9906 40.7038, -73.9907 40.7035, -73.99079999999999 40.7025))",0.13580246913580246
46,70,5,"POLYGON ((-73.95650000000001 40.6804, -73.95350000000001 40.6904, -73.9551 40.6992, -73.95569999999999 40.6992, -73.9577 40.699, -73.9609 40.6976, -73.96639999999999 40.6854, -73.96680000000001 40.6833, -73.96339999999999 40.6812, -73.95650000000001 40.6804))",0.06666666666666667
47,21,2,"POLYGON ((-73.9502 40.6804, -73.9474 40.6864, -73.9485 40.6872, -73.9516 40.6883, -73.95486 40.688117, -73.9558 40.6879, -73.95350000000001 40.6813, -73.9524 40.6805, -73.9502 40.6804))",0.08695652173913043
48,42,12,"POLYGON ((-73.9405 40.7112, -73.9397 40.713, -73.9442 40.7153, -73.9455 40.7158, -73.949352 40.714137, -73.9526 40.7124, -73.9522 40.7098, -73.95208199999999 40.709545, -73.95059999999999 40.7075, -73.95050000000001 40.7074, -73.9487 40.7068, -73.9465 40.7077, -73.9405 40.7112))",0.2222222222222222
49,224,35,"POLYGON ((-73.94889999999999 40.7174, -73.9503 40.7194, -73.9576 40.7221, -73.95784499999999 40.72208, -73.96339999999999 40.7204, -73.9641 40.7197, -73.9666 40.7153, -73.96810000000001 40.712, -73.9688 40.7101, -73.9684 40.7077, -73.968 40.7076, -73.95495200000001 40.707316, -73.9541 40.7079, -73.94889999999999 40.7174))",0.13513513513513514
50,22,0,"POLYGON ((-73.9689 40.6804, -73.9693 40.6787, -73.9692 40.6768, -73.9679 40.6753, -73.9635 40.6765, -73.9623 40.6782, -73.96250000000001 40.6791, -73.9689 40.6804))",0.0
51,19,1,"POLYGON ((-73.95399999999999 40.6703, -73.96259999999999 40.6745, -73.9688 40.6736, -73.97029999999999 40.6729, -73.96420000000001 40.6708, -73.9562 40.67, -73.95399999999999 40.6703))",0.05
52,12,16,"POLYGON ((-73.9619 40.7979, -73.96024 40.79758, -73.954425 40.8031, -73.954418 40.803149, -73.95440000000001 40.804, -73.9545 40.805, -73.956965 40.805179, -73.95829999999999 40.8051, -73.9619 40.7979))",0.5714285714285714
53,17,5,"POLYGON ((-73.996032 40.680077, -73.991 40.6829, -73.9911 40.683, -73.99420000000001 40.685, -73.9958 40.6849, -73.9984 40.6839, -73.99855100000001 40.681683, -73.9986 40.6807, -73.9978 40.6796, -73.996032 40.680077))",0.22727272727272727
54,16,3,"POLYGON ((-73.99169999999999 40.6706, -73.9905 40.6683, -73.98990000000001 40.6687, -73.9866 40.6719, -73.9862 40.6733, -73.99039999999999 40.6721, -73.99169999999999 40.6706))",0.15789473684210525
55,13,4,"POLYGON ((-73.97620000000001 40.7303, -73.97473000000001 40.729677, -73.97399999999998 40.7308, -73.973887 40.731175, -73.9753 40.7314, -73.97539999999999 40.7314, -73.9757 40.7311, -73.97620000000001 40.7303))",0.23529411764705882
56,146,3,"POLYGON ((-73.98669200000001 40.711619, -73.9867 40.711, -73.986 40.7106, -73.9849 40.7101, -73.9847 40.7101, -73.98269999999999 40.7106, -73.98480000000001 40.7118, -73.9849 40.7118, -73.98669200000001 40.711619))",0.020134228187919462
57,18,5,"POLYGON ((-73.9884 40.6677, -73.9872 40.6663, -73.9824 40.6738, -73.9843 40.6741, -73.9884 40.6677))",0.21739130434782608
58,162,28,"POLYGON ((-73.99826299999999 40.696057, -73.9973 40.6872, -73.99611999999999 40.686718, -73.9851 40.6838, -73.9825 40.6861, -73.9825 40.6935, -73.9832 40.6968, -73.9936 40.7006, -73.9949 40.7002, -73.99826299999999 40.696057))",0.14736842105263157
59,33,8,"POLYGON ((-73.98699999999999 40.6797, -73.98739999999999 40.679, -73.9872 40.6774, -73.98439999999999 40.6757, -73.9833 40.6754, -73.98009999999999 40.6754, -73.980125 40.676885, -73.9803 40.6779, -73.9815 40.68, -73.98699999999999 40.6797))",0.1951219512195122
60,51,2,"POLYGON ((-73.9785 40.6747, -73.981245 40.671292, -73.9798 40.669, -73.97620000000001 40.6668, -73.976 40.6667, -73.97450000000001 40.668, -73.9727 40.6697, -73.97150000000001 40.671, -73.9743 40.6748, -73.9752 40.676, -73.9755 40.6761, -73.9785 40.6747))",0.03773584905660377
61,26,6,"POLYGON ((-73.96769999999999 40.6874, -73.96608499999999 40.689637, -73.9662 40.6898, -73.97239999999999 40.6932, -73.97280000000001 40.6927, -73.973792 40.68964699999999, -73.9713 40.6876, -73.96769999999999 40.6874))",0.1875
62,10,6,"POLYGON ((-73.973867 40.676897, -73.97199999999999 40.6784, -73.97410000000001 40.6818, -73.97483199999999 40.680291, -73.9742 40.6773, -73.973867 40.676897))",0.375
63,57,7,"POLYGON ((-73.9808 40.6838, -73.9773 40.681, -73.9729 40.683, -73.9725 40.6866, -73.9729 40.6882, -73.9768 40.6883, -73.9808 40.6838))",0.109375
64,10,5,"POLYGON ((-73.99890000000001 40.7523, -73.99850000000001 40.7505, -73.99720000000001 40.7497, -73.9969 40.7496, -73.997 40.7506, -73.99720000000001 40.7513, -73.99890000000001 40.7523))",0.3333333333333333
65,18,2,"POLYGON ((-73.986 40.7144, -73.9867 40.7128, -73.98520000000001 40.7131, -73.98183 40.714527, -73.9819 40.7146, -73.9837 40.7161, -73.986 40.7144))",0.1
66,15,31,"POLYGON ((-73.9701 40.8023, -73.9731 40.7985, -73.97329999999999 40.7978, -73.97329999999999 40.796955, -73.97199999999999 40.7971, -73.968982 40.798496, -73.968576 40.798981, -73.968388 40.799213, -73.96801500000001 40.799725, -73.9697 40.802, -73.9701 40.8023))",0.6739130434782609
67,24,10,"POLYGON ((-73.97620000000001 40.7235, -73.97620000000001 40.7253, -73.9777 40.7257, -73.979 40.725, -73.97969999999999 40.7237, -73.9795 40.7236, -73.9783 40.7231, -73.9766 40.7231, -73.97629999999999 40.7233, -73.97620000000001 40.7235))",0.29411764705882354
68,14,9,"POLYGON ((-74.0004 40.7144, -73.998355 40.713227, -73.99720000000001 40.7141, -73.99679999999999 40.7149, -73.9988 40.715, -73.999589 40.714982, -74.0004 40.7144))",0.391304347826087
69,9,24,"POLYGON ((-73.968 40.802458, -73.96804 40.80124199999999, -73.967845 40.801302, -73.9663 40.8039, -73.966053 40.80482199999999, -73.965962 40.805372, -73.965977 40.805463, -73.967 40.806, -73.968 40.802458))",0.7272727272727273
70,11,16,"POLYGON ((-73.965636 40.80599, -73.9654 40.8058, -73.96430600000001 40.806494, -73.9633 40.8088, -73.963427 40.80892100000001, -73.963871 40.808509, -73.965636 40.80599))",0.5925925925925926
71,70,36,"POLYGON ((-73.995244 40.765198, -74.0013 40.7625, -74.001012 40.761884, -74.00020000000001 40.7612, -73.99930000000001 40.7606, -73.9991 40.7605, -73.9966 40.7609, -73.9956 40.7622, -73.995244 40.765198))",0.33962264150943394
72,8,9,"POLYGON ((-73.98735699999999 40.775595, -73.98699999999999 40.7743, -73.98520000000001 40.7769, -73.98569999999999 40.77755, -73.9863 40.7774, -73.98654000000001 40.777282, -73.987126 40.776117, -73.98735699999999 40.775595))",0.5294117647058824
73,7,9,"POLYGON ((-73.971 40.7917, -73.97150000000001 40.7904, -73.9709 40.7893, -73.97039599999999 40.789004, -73.9691 40.7893, -73.971 40.7917))",0.5625
74,28,12,"POLYGON ((-74.015725 40.70499, -74.0159 40.7075, -74.01707500000001 40.70766, -74.017782 40.706482, -74.018 40.7058, -74.01798700000001 40.705667, -74.0179 40.7054, -74.0176 40.7051, -74.01754699999999 40.705065, -74.0158 40.7049, -74.015725 40.70499))",0.3
75,20,12,"POLYGON ((-73.9956 40.7173, -73.99555699999999 40.716735, -73.99550000000001 40.716063, -73.9931 40.7165, -73.9924 40.7172, -73.992 40.7181, -73.99295500000001 40.718212, -73.993639 40.718291, -73.9949 40.7184, -73.99492499999999 40.718374, -73.9956 40.7173))",0.375
76,11,8,"POLYGON ((-73.9768 40.7323, -73.9744 40.7325, -73.974735 40.733017, -73.976 40.7334, -73.97727900000001 40.732839, -73.9774 40.7327, -73.977377 40.73243, -73.9768 40.7323))",0.42105263157894735
77,7,12,"POLYGON ((-74.0012 40.7155, -74.00149999999999 40.716, -74.00176500000001 40.71584, -74.003816 40.713556, -74.00438299999999 40.712912, -74.004052 40.71311, -74.002655 40.71423, -74.0012 40.7155))",0.631578947368421
78,28,11,"POLYGON ((-73.992992 40.715225, -73.9928 40.7131, -73.9903 40.7126, -73.990022 40.712668, -73.9873 40.7143, -73.99213 40.71536500000001, -73.992992 40.715225))",0.28205128205128205
79,13,31,"POLYGON ((-73.968622 40.79159600000001, -73.96635999999999 40.791499, -73.9654 40.7954, -73.96679499999999 40.795986, -73.968622 40.79159600000001))",0.7045454545454546
80,16,16,"POLYGON ((-73.9894 40.7752, -73.990562 40.771852, -73.99046 40.771618, -73.989808 40.771472, -73.988331 40.774576, -73.98869999999999 40.775, -73.9894 40.7752))",0.5
81,23,15,"POLYGON ((-73.9902 40.7761, -73.989772 40.775974, -73.98863 40.776677, -73.9877 40.7796, -73.988 40.7795, -73.988462 40.779307, -73.98899999999998 40.7786, -73.9902 40.7761))",0.39473684210526316
82,20,3,"POLYGON ((-73.990577 40.775502, -73.9915 40.7753, -73.99120000000001 40.7746, -73.9901 40.7747, -73.9901 40.7748, -73.9905 40.7754, -73.990577 40.775502))",0.13043478260869565
83,12,4,"POLYGON ((-73.94759999999999 40.7704, -73.94750000000001 40.7709, -73.9481 40.7722, -73.9482 40.7722, -73.9487 40.7717, -73.94929300000001 40.770938, -73.9485 40.7706, -73.94830400000001 40.770524, -73.94774 40.770415, -73.94759999999999 40.7704))",0.25
84,13,3,"POLYGON ((-74.0038 40.7533, -74.0042 40.753, -74.0029 40.7521, -74.00279999999999 40.7521, -74.00320000000001 40.753, -74.0038 40.7533))",0.1875
85,18,6,"POLYGON ((-73.98180000000001 40.7253, -73.9823 40.7248, -73.982 40.7246, -73.9816 40.7245, -73.9806 40.7248, -73.9808 40.725, -73.98114200000001 40.72512, -73.98180000000001 40.7253))",0.25
86,11,11,"POLYGON ((-73.95229999999999 40.7915, -73.95281 40.791925, -73.9533 40.7915, -73.95475 40.789765, -73.95430400000001 40.789783, -73.95229999999999 40.7915))",0.5
87,31,39,"POLYGON ((-74.01585799999999 40.711765, -74.01787 40.709567, -74.01766500000001 40.708245, -74.01521099999999 40.708533, -74.013735 40.7094, -74.0128 40.7101, -74.01458000000001 40.71149699999999, -74.01585799999999 40.711765))",0.5571428571428572
88,19,3,"POLYGON ((-73.994 40.7588, -73.9935 40.759, -73.9941 40.7594, -73.9943 40.7595, -73.99469999999999 40.7593, -73.99460000000001 40.7591, -73.994 40.7588))",0.13636363636363635
89,9,28,"POLYGON ((-73.9966 40.76, -73.99635699999999 40.758872, -73.99552800000001 40.759282, -73.9944 40.7599, -73.994597 40.76089, -73.996347 40.760147, -73.9966 40.76))",0.7567567567567568
90,18,26,"POLYGON ((-73.9473 40.7743, -73.947 40.7718, -73.94631600000001 40.772187, -73.9456 40.7726, -73.9451 40.7735, -73.94495999999999 40.774412, -73.9456 40.7745, -73.9473 40.7743))",0.5909090909090909
91,8,8,"POLYGON ((-73.97763 40.773512, -73.97712299999999 40.774636, -73.9772 40.7746, -73.97846199999999 40.773499, -73.97845 40.773024, -73.97839999999999 40.7729, -73.97815 40.77305, -73.97763 40.773512))",0.5
92,34,35,"POLYGON ((-73.96420000000001 40.7925, -73.9657 40.7922, -73.9671 40.7902, -73.9684 40.7875, -73.968823 40.786508, -73.9687 40.7864, -73.9684 40.7863, -73.966295 40.789123, -73.9661 40.7894, -73.965602 40.79011, -73.9644 40.792, -73.96420000000001 40.7925))",0.5072463768115942
93,19,18,"POLYGON ((-73.9477 40.7787, -73.94589999999999 40.7796, -73.945532 40.780232, -73.94533299999999 40.782307, -73.945688 40.782207, -73.9487 40.7799, -73.948279 40.778814, -73.9477 40.7787))",0.4864864864864865
94,54,68,"POLYGON ((-73.944518 40.779623, -73.9447 40.7799, -73.949558 40.77866, -73.9507 40.7775, -73.951142 40.775112, -73.951097 40.774972, -73.950867 40.774899, -73.9453 40.7751, -73.945205 40.775212, -73.944518 40.779623))",0.5573770491803278
95,15,5,"POLYGON ((-73.98999999999999 40.7272, -73.9894 40.7277, -73.9894 40.7278, -73.9906 40.7289, -73.9911 40.7288, -73.9913 40.7283, -73.99131 40.728267, -73.991253 40.727638, -73.98999999999999 40.7272))",0.25
96,7,10,"POLYGON ((-73.9697 40.7689, -73.96996 40.76832, -73.96968699999999 40.768437, -73.9691 40.7691, -73.968614 40.770086, -73.96847199999999 40.770452, -73.968845 40.770235, -73.969347 40.769482, -73.9697 40.7689))",0.5882352941176471
97,12,24,"POLYGON ((-73.9709 40.795162, -73.97029999999999 40.7969, -73.9725 40.7962, -73.972747 40.796107, -73.9731 40.7958, -73.97347499999999 40.795425, -73.973 40.7951, -73.97194399999999 40.794457, -73.97178000000001 40.79439199999999, -73.971515 40.794593, -73.9709 40.795162))",0.6666666666666666
98,40,69,"POLYGON ((-73.97710699999999 40.787767, -73.9756 40.7869, -73.973977 40.787332, -73.9738 40.7874, -73.9723 40.7939, -73.973538 40.794685, -73.974118 40.794105, -73.97499999999999 40.793067, -73.97619 40.791497, -73.97710699999999 40.787767))",0.6330275229357798
99,7,8,"POLYGON ((-73.99209999999999 40.7707, -73.9919 40.7698, -73.99160000000001 40.7698, -73.990257 40.76992199999999, -73.989878 40.770178, -73.990532 40.770677, -73.99209999999999 40.7707))",0.5333333333333333
100,30,6,"POLYGON ((-74.00539999999999 40.712, -74.00630200000001 40.712197, -74.00683000000001 40.711842, -74.0072 40.7108, -74.00579999999999 40.7108, -74.0052 40.7111, -74.0052 40.7116, -74.00539999999999 40.712))",0.16666666666666666
101,65,16,"POLYGON ((-74.0094 40.7376, -74.0093 40.737, -74.008329 40.736989, -74.0073 40.7375, -74.008062 40.73950300000001, -74.00809699999999 40.73954699999999, -74.00920000000001 40.7388, -74.0094 40.7381, -74.0094 40.7376))",0.19753086419753085
102,12,11,"POLYGON ((-73.98009999999999 40.7881, -73.9796 40.7878, -73.97895699999999 40.787567, -73.9785 40.7877, -73.97790000000001 40.788, -73.9776 40.7885, -73.97757 40.788795, -73.97760699999999 40.789118, -73.97790000000001 40.7892, -73.98009999999999 40.7882, -73.98009999999999 40.7881))",0.4782608695652174
103,4,15,"POLYGON ((-73.97784300000001 40.783982, -73.977903 40.783762, -73.977799 40.783802, -73.97742599999999 40.784201, -73.97605300000001 40.786182, -73.9764 40.786, -73.9772 40.7852, -73.97784300000001 40.783982))",0.7894736842105263
104,8,13,"POLYGON ((-73.97790000000001 40.7874, -73.978617 40.785837, -73.97713 40.786013, -73.97709999999999 40.7866, -73.9773 40.7872, -73.97790000000001 40.7874))",0.6190476190476191
105,9,6,"POLYGON ((-73.9739 40.7799, -73.9752 40.7802, -73.97499999999999 40.78, -73.973857 40.779177, -73.973822 40.779182, -73.97329999999999 40.7797, -73.9739 40.7799))",0.4
106,6,12,"POLYGON ((-73.980244 40.785521, -73.9802 40.7853, -73.97959200000001 40.785392, -73.979457 40.786102, -73.97942500000001 40.786907, -73.97991400000001 40.786325, -73.98013 40.785967, -73.9802 40.7857, -73.980244 40.785521))",0.6666666666666666
107,2,13,"POLYGON ((-73.979507 40.784322, -73.978675 40.7854, -73.9789 40.7855, -73.97936 40.78502, -73.9795 40.784665, -73.979507 40.784322))",0.8666666666666667
108,20,16,"POLYGON ((-73.9787 40.7765, -73.977 40.7767, -73.97704 40.776784, -73.97854 40.77795, -73.97965500000001 40.778158, -73.979877 40.777983, -73.979685 40.777472, -73.979315 40.776782, -73.9787 40.7765))",0.4444444444444444
109,17,19,"POLYGON ((-73.974204 40.778708, -73.9747 40.779, -73.9765 40.7764, -73.97669999999999 40.7752, -73.975762 40.775868, -73.974226 40.778528, -73.974204 40.778708))",0.5277777777777778
110,14,1,"POLYGON ((-73.99169999999999 40.7677, -73.991 40.7676, -73.991035 40.767662, -73.9915 40.7681, -73.99169999999999 40.7681, -73.99169999999999 40.7677))",0.06666666666666667
111,12,21,"POLYGON ((-73.9919 40.7664, -73.99169999999999 40.764712, -73.98820000000001 40.7666, -73.9897 40.7677, -73.9919 40.7664))",0.6363636363636364
112,5,14,"POLYGON ((-73.98430999999999 40.78009, -73.9853 40.7802, -73.98507499999999 40.779172, -73.985 40.7791, -73.984882 40.779069, -73.98483 40.779115, -73.9842 40.7798, -73.984275 40.780072, -73.98430999999999 40.78009))",0.7368421052631579
113,8,8,"POLYGON ((-73.97669999999999 40.7783, -73.977447 40.779767, -73.97805200000001 40.778992, -73.9781 40.7787, -73.97800000000002 40.7783, -73.97669999999999 40.7783))",0.5
114,9,11,"POLYGON ((-73.9836 40.7785, -73.983227 40.77729, -73.982782 40.77699, -73.982721 40.776963, -73.9825 40.776877, -73.98205799999999 40.77695, -73.981988 40.777287, -73.9829 40.7782, -73.9832 40.7785, -73.9836 40.7785))",0.55
115,19,23,"POLYGON ((-73.997557 40.757537, -73.9988 40.7569, -73.998402 40.755855, -73.99811800000001 40.755817, -73.995802 40.75569, -73.99720000000001 40.7575, -73.997557 40.757537))",0.5476190476190477
116,8,22,"POLYGON ((-73.98180000000001 40.7813, -73.9821 40.7803, -73.981748 40.780102, -73.9816 40.7802, -73.98109000000001 40.780923, -73.980992 40.781182, -73.98139999999999 40.7813, -73.98180000000001 40.7813))",0.7333333333333333
117,13,18,"POLYGON ((-73.98069699999999 40.784045, -73.9819 40.7822, -73.98100000000002 40.7816, -73.980677 40.781492, -73.9804 40.7814, -73.9803 40.7816, -73.97963 40.78378499999999, -73.98044 40.784032, -73.98069699999999 40.784045))",0.5806451612903226
118,16,36,"POLYGON ((-73.980704 40.77825, -73.9798 40.7804, -73.98003 40.78073, -73.9837 40.7795, -73.98239000000001 40.778097, -73.98219499999999 40.777898, -73.982015 40.777831, -73.98184499999999 40.777826, -73.980704 40.77825))",0.6923076923076923
119,4,12,"POLYGON ((-73.98006700000001 40.781098, -73.979377 40.781027, -73.979 40.7823, -73.97909 40.782315, -73.9796 40.7818, -73.98006700000001 40.781098))",0.75
120,11,12,"POLYGON ((-73.97920000000001 40.7835, -73.97888399999999 40.782815, -73.978787 40.78265, -73.977 40.7826, -73.977087 40.782825, -73.97800000000002 40.7832, -73.9787 40.7834, -73.97920000000001 40.7835))",0.5217391304347826
121,28,23,"POLYGON ((-73.97704899999999 40.782232, -73.9769 40.7808, -73.976658 40.780568, -73.976505 40.780563, -73.97626899999999 40.780808, -73.9761 40.781, -73.97551800000001 40.781817, -73.97535000000001 40.782082, -73.9752 40.7824, -73.975162 40.78257199999999, -73.975193 40.782658, -73.976449 40.782522, -73.9765 40.7825, -73.97704899999999 40.782232))",0.45098039215686275
122,15,8,"POLYGON ((-74.01334799999999 40.703915, -74.014347 40.703967, -74.014397 40.703927, -74.01439999999999 40.7033, -74.0142 40.7027, -74.012293 40.701452, -74.01260000000001 40.7026, -74.01334799999999 40.703915))",0.34782608695652173
123,14,16,"POLYGON ((-73.97020000000001 40.7857, -73.9704 40.7866, -73.972031 40.78685, -73.972464 40.786597, -73.973136 40.785397, -73.97309 40.785062, -73.97020000000001 40.7857))",0.5333333333333333
124,8,18,"POLYGON ((-73.97076 40.783443, -73.9704 40.783645, -73.96916400000001 40.785315, -73.96894899999999 40.785742, -73.96899999999999 40.7858, -73.9692 40.7859, -73.969666 40.785594, -73.97029999999999 40.7848, -73.97069999999999 40.7837, -73.97076 40.783443))",0.6923076923076923
125,13,2,"POLYGON ((-74.01349999999999 40.7086, -74.0147 40.708, -74.0136 40.707, -74.01349999999999 40.707, -74.01300000000001 40.7073, -74.0128 40.7075, -74.0128 40.7082, -74.01349999999999 40.7086))",0.13333333333333333
126,14,5,"POLYGON ((-74.00749999999999 40.7101, -74.0085 40.7098, -74.00830000000001 40.7093, -74.0078 40.7089, -74.0073 40.7087, -74.00665500000001 40.709113, -74.0065 40.7095, -74.006507 40.709669, -74.00657700000001 40.70979699999999, -74.00749999999999 40.7101))",0.2631578947368421
127,17,9,"POLYGON ((-74.011455 40.705408, -74.012647 40.706402, -74.0127 40.7064, -74.01309999999999 40.7061, -74.013867 40.705492, -74.0137 40.7052, -74.01346700000001 40.704813, -74.0133 40.7047, -74.0123 40.7047, -74.0117 40.7052, -74.011455 40.705408))",0.34615384615384615
128,20,15,"POLYGON ((-74.01430000000001 40.7162, -74.01366 40.716875, -74.013828 40.71769699999999, -74.01439999999999 40.7183, -74.015 40.718, -74.015 40.7168, -74.0149 40.7167, -74.01430000000001 40.7162))",0.42857142857142855
129,9,7,"POLYGON ((-74.01100000000002 40.7075, -74.0104 40.7079, -74.010997 40.708282, -74.01114 40.70829000000001, -74.012 40.7078, -74.012107 40.707538, -74.011945 40.7075, -74.01100000000002 40.7075))",0.4375
130,17,16,"POLYGON ((-74.015315 40.716317, -74.01638199999999 40.714966, -74.0162 40.7148, -74.015466 40.715062, -74.01479999999999 40.7157, -74.01479999999999 40.7158, -74.015 40.7161, -74.015315 40.716317))",0.48484848484848486
131,30,19,"POLYGON ((-74.0151 40.7151, -74.01589200000001 40.714315, -74.0155 40.714, -74.01479999999999 40.7138, -74.01390000000001 40.7138, -74.014216 40.714309, -74.0151 40.7151))",0.3877551020408163
132,25,14,"POLYGON ((-73.9803 40.7285, -73.97929999999999 40.7288, -73.9794 40.7301, -73.97969999999999 40.7303, -73.9808 40.7308, -73.98151300000001 40.730902, -73.981483 40.728895, -73.9803 40.7285))",0.358974358974359
133,10,9,"POLYGON ((-73.9787 40.7297, -73.97864799999999 40.728552, -73.9786 40.7286, -73.97790000000001 40.7294, -73.977878 40.72948, -73.9778 40.7299, -73.9778 40.7304, -73.97790000000001 40.7306, -73.9787 40.73, -73.9787 40.7297))",0.47368421052631576
134,46,34,"POLYGON ((-74.0094 40.7052, -74.01225699999999 40.704262, -74.01221 40.703787, -74.0121 40.703032, -74.0115 40.702, -74.01130000000001 40.7019, -74.0112 40.7019, -74.00830000000001 40.7036, -74.00843499999999 40.704702, -74.0094 40.7052))",0.425
135,17,14,"POLYGON ((-74.0046 40.7079, -74.00490000000001 40.7072, -74.0048 40.7069, -74.004215 40.706962, -74.00409999999999 40.707, -74.003742 40.707595, -74.00378000000001 40.70788, -74.0046 40.7079))",0.45161290322580644
136,24,6,"POLYGON ((-74.0072 40.7081, -74.0076 40.7075, -74.0073 40.7074, -74.00579999999999 40.7074, -74.0055 40.7076, -74.00523199999999 40.707792, -74.00558000000001 40.708132, -74.0064 40.7084, -74.0069 40.7083, -74.0072 40.7081))",0.2
137,15,24,"POLYGON ((-73.985792 40.726741, -73.9855 40.7269, -73.9836 40.7297, -73.9834 40.7302, -73.9838 40.7301, -73.98439999999999 40.7295, -73.98569999999999 40.7272, -73.985792 40.726741))",0.6153846153846154
138,13,10,"POLYGON ((-74.00568299999999 40.705851, -74.0051 40.7066, -74.0068 40.7071, -74.0072 40.707, -74.00700000000001 40.7067, -74.00634699999999 40.706247, -74.00568299999999 40.705851))",0.43478260869565216
139,26,15,"POLYGON ((-74.00830999999999 40.705218, -74.0078 40.7047, -74.0072 40.705, -74.0067 40.7056, -74.0065 40.7059, -74.006897 40.70622, -74.00830999999999 40.705218))",0.36585365853658536
140,30,12,"POLYGON ((-74.01100000000002 40.7087, -74.009413 40.710017, -74.00960000000001 40.7106, -74.0099 40.7106, -74.011348 40.710492, -74.011972 40.709522, -74.0119 40.7093, -74.01100000000002 40.7087))",0.2857142857142857
141,9,9,"POLYGON ((-74.00920000000001 40.7107, -74.00839999999999 40.7112, -74.008042 40.711725, -74.008044 40.712032, -74.0081 40.7121, -74.00815 40.712067, -74.00920000000001 40.7109, -74.00920000000001 40.7107))",0.5
142,58,37,"POLYGON ((-73.98480000000001 40.7235, -73.9783 40.727, -73.979 40.7278, -73.982 40.728507, -73.9836 40.7286, -73.9842 40.7279, -73.9846 40.7273, -73.986 40.7239, -73.985015 40.723489, -73.98480000000001 40.7235))",0.3894736842105263
143,31,4,"POLYGON ((-73.9842 40.7239, -73.98309999999999 40.7225, -73.9825 40.7225, -73.9821 40.7238, -73.9821 40.7239, -73.9833 40.7246, -73.9837 40.7247, -73.9842 40.7239))",0.11428571428571428
144,37,18,"POLYGON ((-73.9914 40.721, -73.99120000000001 40.7176, -73.99116500000001 40.717552, -73.9911 40.7175, -73.9901 40.717, -73.98950000000001 40.717, -73.989048 40.7187, -73.98899999999998 40.7203, -73.989425 40.720595, -73.9914 40.721))",0.32727272727272727
145,14,4,"POLYGON ((-73.99179599999999 40.716177, -73.9907 40.7153, -73.9903 40.7162, -73.9902 40.7165, -73.9909 40.7168, -73.9915 40.7168, -73.99178000000001 40.716262, -73.99179599999999 40.716177))",0.2222222222222222
146,16,4,"POLYGON ((-74.008 40.7078, -74.008 40.708, -74.008392 40.707895, -74.0091 40.7075, -74.009123 40.706712, -74.0081 40.7068, -74.008 40.7078))",0.2
147,44,9,"POLYGON ((-74.00960000000001 40.7066, -74.0103 40.70594699999999, -74.00965699999999 40.705557, -74.00879999999999 40.7056, -74.00790000000001 40.7058, -74.0078 40.7061, -74.0081 40.7065, -74.00960000000001 40.7066))",0.16981132075471697
148,10,8,"POLYGON ((-73.9863 40.7329, -73.985445 40.73182, -73.9837 40.7317, -73.9838 40.732, -73.985 40.7326, -73.9863 40.7329))",0.4444444444444444
149,41,33,"POLYGON ((-73.98909999999999 40.7284, -73.9884 40.7277, -73.98699999999999 40.7275, -73.98690000000001 40.7275, -73.9854 40.7299, -73.98560000000001 40.7309, -73.98581300000001 40.7314, -73.98909999999999 40.7293, -73.98909999999999 40.7284))",0.44594594594594594
150,14,5,"POLYGON ((-73.9892 40.7263, -73.9903 40.7257, -73.99018199999999 40.725532, -73.98899999999998 40.7252, -73.9881 40.7256, -73.98820000000001 40.7257, -73.9892 40.7263))",0.2631578947368421
151,18,2,"POLYGON ((-73.9841 40.721, -73.986 40.7194, -73.9859 40.7193, -73.985178 40.719117, -73.9851 40.7191, -73.985 40.7192, -73.98480000000001 40.7195, -73.9845 40.719992, -73.9841 40.7208, -73.9841 40.721))",0.1
152,12,19,"POLYGON ((-73.97960500000001 40.735577, -73.979603 40.73547199999999, -73.9795 40.7355, -73.9778 40.7364, -73.977422 40.738312, -73.977402 40.73856, -73.977779 40.738356, -73.97920000000001 40.7372, -73.9794 40.737, -73.97960500000001 40.73567199999999, -73.97960500000001 40.735577))",0.6129032258064516
153,10,6,"POLYGON ((-73.9787 40.7346, -73.97839999999999 40.7342, -73.977813 40.733955, -73.97709999999999 40.7337, -73.97687500000001 40.733677, -73.9769 40.7337, -73.9776 40.7341, -73.97793799999999 40.734255, -73.9787 40.7346))",0.375
154,14,35,"POLYGON ((-73.982 40.7344, -73.98297600000001 40.73162, -73.9829 40.7309, -73.98253699999999 40.730794, -73.98220000000001 40.7311, -73.979238 40.734789, -73.9796 40.735, -73.982 40.7344))",0.7142857142857143
155,12,17,"POLYGON ((-73.9877 40.727, -73.988264 40.723869, -73.987871 40.723933, -73.9877 40.7241, -73.98739999999999 40.7244, -73.986237 40.726325, -73.98650000000001 40.7266, -73.9872 40.727, -73.9877 40.727))",0.5862068965517241
156,11,12,"POLYGON ((-73.988788 40.722107, -73.98769799999999 40.722782, -73.98820000000001 40.7234, -73.988285 40.72345, -73.9884 40.7234, -73.98899999999998 40.7226, -73.989087 40.722205, -73.988905 40.722092, -73.988788 40.722107))",0.5217391304347826
157,51,21,"POLYGON ((-73.9897 40.7213, -73.987827 40.719248, -73.9866 40.7195, -73.9854 40.722, -73.9855 40.7221, -73.986237 40.722405, -73.98694 40.722321, -73.98899999999998 40.7217, -73.989405 40.721563, -73.9897 40.7213))",0.2916666666666667
158,5,16,"POLYGON ((-74.00008699999999 40.747648, -74.0008 40.7479, -74.001305 40.74733, -74.00165200000001 40.746666, -74.00151600000001 40.746406, -74.001284 40.746291, -74.0009 40.7463, -74.00008699999999 40.747648))",0.7619047619047619
159,1,18,"POLYGON ((-73.95168699999999 40.785042, -73.951536 40.785096, -73.950022 40.787075, -73.949714 40.787786, -73.95115899999999 40.786007, -73.95168699999999 40.785042))",0.9473684210526315
160,9,10,"POLYGON ((-73.95236700000001 40.77307, -73.9534 40.7726, -73.952838 40.772126, -73.95240600000001 40.772334, -73.95236700000001 40.77307))",0.5263157894736842
161,17,28,"POLYGON ((-73.9507 40.7808, -73.9487 40.7849, -73.9487 40.7852, -73.949405 40.78528499999999, -73.950755 40.785035, -73.951705 40.783682, -73.9522 40.7822, -73.95229999999999 40.7816, -73.95195 40.781316, -73.9515 40.7811, -73.95100000000002 40.7809, -73.9507 40.7808))",0.6222222222222222
162,13,3,"POLYGON ((-73.9992 40.73, -73.999 40.7292, -73.9984 40.7287, -73.9982 40.7289, -73.998 40.7292, -73.9983 40.7296, -73.9988 40.7299, -73.9992 40.73))",0.1875
163,26,31,"POLYGON ((-73.9481 40.7805, -73.9474 40.7819, -73.94762299999999 40.783693, -73.947783 40.783707, -73.9491 40.7825, -73.949718 40.78157, -73.95057800000001 40.779792, -73.95049499999999 40.77968, -73.950367 40.779707, -73.9481 40.7805))",0.543859649122807
164,22,8,"POLYGON ((-73.9986 40.7553, -74.0008 40.7544, -74.00060000000001 40.7543, -73.999748 40.753957, -73.9991 40.7537, -73.9988 40.7537, -73.9971 40.7538, -73.9986 40.7553))",0.26666666666666666
165,15,18,"POLYGON ((-73.95670600000001 40.786724, -73.956778 40.786475, -73.95569999999999 40.7861, -73.954679 40.78643, -73.95411800000001 40.787261, -73.95399999999999 40.7875, -73.95484499999999 40.789092, -73.95497900000001 40.789126, -73.955443 40.788488, -73.95670600000001 40.786724))",0.5454545454545454
166,20,13,"POLYGON ((-73.95480000000001 40.785, -73.9546 40.7858, -73.95529999999999 40.7857, -73.956835 40.784983, -73.956762 40.783812, -73.956592 40.783447, -73.95480000000001 40.785))",0.3939393939393939
167,8,16,"POLYGON ((-73.9584 40.77781, -73.95766 40.777752, -73.95780000000001 40.7787, -73.958 40.7791, -73.95835699999999 40.778877, -73.95886800000001 40.778488, -73.958995 40.77828, -73.958772 40.778055, -73.9584 40.77781))",0.6666666666666666
168,6,9,"POLYGON ((-73.957672 40.780158, -73.95780000000001 40.7796, -73.95773699999999 40.779475, -73.95755200000001 40.779502, -73.95722499999999 40.779607, -73.9568 40.78, -73.9568 40.780057, -73.956817 40.780165, -73.9569 40.7803, -73.95711800000001 40.780456, -73.9575 40.7803, -73.957672 40.780158))",0.6
169,7,19,"POLYGON ((-73.95505300000001 40.782632, -73.95444599999999 40.783709, -73.95446200000001 40.78383, -73.954667 40.783822, -73.956 40.7832, -73.9559 40.783, -73.9555 40.7826, -73.95505300000001 40.782632))",0.7307692307692307
170,12,9,"POLYGON ((-73.954397 40.784662, -73.9542 40.7841, -73.9539 40.7843, -73.95359999999999 40.7848, -73.95359999999999 40.7849, -73.95362800000001 40.785102, -73.95399999999999 40.7851, -73.954397 40.784662))",0.42857142857142855
171,8,12,"POLYGON ((-73.9881 40.7675, -73.98690000000001 40.7663, -73.986357 40.766318, -73.986315 40.766502, -73.98619100000001 40.767095, -73.98734499999999 40.768135, -73.9877 40.7679, -73.9881 40.7675))",0.6
172,4,12,"POLYGON ((-73.9588 40.7656, -73.958337 40.764552, -73.9577 40.7643, -73.95764200000001 40.76434099999999, -73.957356 40.765837, -73.957672 40.765835, -73.9588 40.7656))",0.75
173,7,30,"POLYGON ((-73.96045699999999 40.761255, -73.95876800000001 40.76391599999999, -73.95880200000001 40.76427, -73.9603 40.7638, -73.96074 40.762332, -73.960717 40.761598, -73.96069399999999 40.761275, -73.96045699999999 40.761255))",0.8108108108108109
174,25,17,"POLYGON ((-73.96250000000001 40.7604, -73.9624 40.759, -73.96120000000001 40.7584, -73.96080000000001 40.7583, -73.9607 40.7583, -73.960202 40.76087, -73.961063 40.760825, -73.96250000000001 40.7606, -73.96250000000001 40.7604))",0.40476190476190477
175,37,65,"POLYGON ((-73.966695 40.753972, -73.96603499999999 40.753822, -73.9636 40.7553, -73.960503 40.757573, -73.9597 40.7583, -73.959568 40.758842, -73.963025 40.758415, -73.964 40.7579, -73.966695 40.753972))",0.6372549019607843
176,20,7,"POLYGON ((-74.0059 40.7491, -74.00399999999998 40.7493, -74.00449999999999 40.74959699999999, -74.0047 40.7497, -74.00530000000001 40.75, -74.005702 40.750015, -74.006 40.75, -74.0063 40.7498, -74.00649200000001 40.74966, -74.006514 40.749604, -74.006434 40.749469, -74.0059 40.7491))",0.25925925925925924
177,11,6,"POLYGON ((-74.006713 40.74888, -74.0072 40.7487, -74.005 40.74800000000001, -74.004921 40.748088, -74.00530000000001 40.7485, -74.006713 40.74888))",0.35294117647058826
178,12,6,"POLYGON ((-74.00529399999999 40.75139799999999, -74.0034 40.7515, -74.0035 40.7516, -74.004295 40.752043, -74.005 40.7522, -74.0051 40.7521, -74.0052 40.7518, -74.00529399999999 40.75139799999999))",0.3333333333333333
179,30,20,"POLYGON ((-74.00539999999999 40.7507, -74.005527 40.751132, -74.0067 40.7517, -74.0069 40.7514, -74.0069 40.7513, -74.006305 40.750902, -74.00562499999999 40.750662, -74.00539999999999 40.7507))",0.4
180,19,7,"POLYGON ((-73.9644 40.7758, -73.96465000000001 40.775832, -73.965 40.7756, -73.96639999999999 40.7736, -73.96640500000001 40.773547, -73.9649 40.7741, -73.9644 40.7758))",0.2692307692307692
181,21,1,"POLYGON ((-74.00879999999999 40.7475, -74.00920000000001 40.7477, -74.01000000000001 40.747, -74.0102 40.7464, -74.01009999999999 40.746, -74.00960000000001 40.7461, -74.0093 40.7462, -74.00879999999999 40.7475))",0.045454545454545456
182,34,10,"POLYGON ((-74.0068 40.7456, -74.0077 40.7476, -74.00830000000001 40.7474, -74.00852399999999 40.746244, -74.0086 40.7448, -74.0078 40.745, -74.0068 40.7456))",0.22727272727272727
183,14,1,"POLYGON ((-74.0033 40.7505, -74.00320000000001 40.7506, -74.00369999999999 40.751, -74.00383199999999 40.751087, -74.0038 40.7509, -74.00360000000001 40.7506, -74.0033 40.7505))",0.06666666666666667
184,7,19,"POLYGON ((-74.004544 40.747156, -74.0046 40.7473, -74.00579999999999 40.7458, -74.0061 40.7453, -74.0061 40.7451, -74.005882 40.745217, -74.005735 40.745363, -74.00481500000001 40.746416, -74.004544 40.747156))",0.7307692307692307
185,22,11,"POLYGON ((-74.006935 40.744062, -74.0063 40.7437, -74.00620000000001 40.7437, -74.0061 40.7438, -74.00615500000001 40.744622, -74.00620000000001 40.7448, -74.0065 40.7447, -74.00660000000001 40.744612, -74.006935 40.744062))",0.3333333333333333
186,28,11,"POLYGON ((-74.0061 40.7422, -74.00665500000001 40.743538, -74.00709999999999 40.7438, -74.00725899999999 40.743798, -74.0076 40.7431, -74.0077 40.7428, -74.0072 40.7426, -74.0061 40.7422))",0.28205128205128205
187,12,14,"POLYGON ((-74.00443800000001 40.747644, -74.004137 40.747397, -74.002762 40.747014, -74.00230000000001 40.7469, -74.0025 40.7471, -74.00399999999998 40.74800000000001, -74.0044 40.7478, -74.00443800000001 40.747644))",0.5384615384615384
188,19,13,"POLYGON ((-74.00360000000001 40.7486, -74.003732 40.748202, -74.0035 40.7483, -74.0029 40.749, -74.002477 40.749575, -74.00239999999999 40.7498, -74.0029 40.7497, -74.003 40.7496, -74.0034 40.7491, -74.00360000000001 40.7486))",0.40625
189,11,9,"POLYGON ((-74.0125 40.7157, -74.01179999999999 40.7167, -74.01220000000001 40.717, -74.01269000000001 40.716833, -74.013203 40.71644000000001, -74.01309999999999 40.7162, -74.01291999999999 40.715946, -74.0125 40.7157))",0.45
190,14,7,"POLYGON ((-73.9843 40.7385, -73.98500300000001 40.738722, -73.9855 40.7386, -73.985789 40.738491, -73.98571200000001 40.738227, -73.98520000000001 40.738, -73.985 40.738, -73.9843 40.7385))",0.3333333333333333
191,5,19,"POLYGON ((-73.98321800000001 40.73807, -73.98324699999999 40.738792, -73.9834 40.7389, -73.983853 40.738371, -73.98428299999999 40.737417, -73.983857 40.737535, -73.98321800000001 40.73807))",0.7916666666666666
192,11,8,"POLYGON ((-74.0108 40.7157, -74.01097299999999 40.716154, -74.01179999999999 40.7159, -74.0119 40.715, -74.01186700000001 40.714947, -74.01158199999999 40.714845, -74.01139999999999 40.7149, -74.0108 40.7157))",0.42105263157894735
193,54,38,"POLYGON ((-74.011087 40.71301500000001, -74.01049999999999 40.7116, -74.0102 40.7113, -74.00920000000001 40.7121, -74.00790000000001 40.7141, -74.00790000000001 40.7142, -74.007942 40.714389, -74.00925699999999 40.715307, -74.0094 40.7154, -74.0106 40.7153, -74.0107 40.7151, -74.011042 40.713937, -74.011087 40.71301500000001))",0.41304347826086957
194,28,19,"POLYGON ((-74.0077 40.7161, -74.00797 40.71722, -74.010491 40.71779799999999, -74.010597 40.717807, -74.0107 40.7176, -74.01009999999999 40.7163, -74.009 40.7157, -74.008915 40.71572, -74.0077 40.7161))",0.40425531914893614
195,23,15,"POLYGON ((-74.008 40.7148, -74.0052 40.7152, -74.0059 40.7162, -74.006598 40.716717, -74.0072 40.717, -74.0074 40.7169, -74.008 40.7148))",0.39473684210526316
196,6,12,"POLYGON ((-73.957797 40.782125, -73.957035 40.782782, -73.957048 40.782963, -73.957086 40.783081, -73.957277 40.783152, -73.95869999999999 40.7825, -73.9586 40.7822, -73.957797 40.782125))",0.6666666666666666
197,13,20,"POLYGON ((-73.959 40.78, -73.958135 40.78159, -73.95827 40.78176699999999, -73.9588 40.7818, -73.960308 40.781654, -73.96040699999999 40.781512, -73.95937499999999 40.780142, -73.959292 40.780072, -73.959 40.78))",0.6060606060606061
198,12,5,"POLYGON ((-74.00449999999999 40.7171, -74.00539599999999 40.718205, -74.0057 40.7182, -74.0059 40.7177, -74.005933 40.717421, -74.0051 40.7171, -74.00449999999999 40.7171))",0.29411764705882354
199,24,14,"POLYGON ((-74.005 40.7182, -74.0047 40.7188, -74.0047 40.7191, -74.0048 40.7204, -74.00539999999999 40.7204, -74.00539499999999 40.719023, -74.00527599999999 40.718736, -74.005 40.7182))",0.3684210526315789
200,20,21,"POLYGON ((-73.9799 40.7366, -73.9796 40.739002, -73.97989 40.739267, -73.98189000000001 40.737495, -73.9821 40.7368, -73.981837 40.736592, -73.9816 40.7365, -73.9799 40.7366))",0.5121951219512195
201,14,20,"POLYGON ((-73.97318800000001 40.743992, -73.9714 40.7453, -73.9714 40.74684, -73.97148 40.746987, -73.9726 40.7466, -73.973124 40.744457, -73.97318800000001 40.743992))",0.5882352941176471
202,7,15,"POLYGON ((-73.980963 40.745189, -73.982 40.7439, -73.981465 40.743882, -73.98078199999999 40.74436, -73.98009 40.745057, -73.980963 40.745189))",0.6818181818181818
203,14,23,"POLYGON ((-73.952033 40.78432100000001, -73.952162 40.78442, -73.9528 40.7841, -73.95434 40.781385, -73.954317 40.781177, -73.9541 40.7813, -73.95368499999999 40.781667, -73.952207 40.78307, -73.952033 40.78432100000001))",0.6216216216216216
204,1,15,"POLYGON ((-73.963567 40.767522, -73.96360799999999 40.768042, -73.96405 40.768019, -73.964915 40.767542, -73.96481199999999 40.76738, -73.964485 40.767267, -73.964445 40.767262, -73.96434000000001 40.767282, -73.963567 40.767522))",0.9375
205,20,12,"POLYGON ((-74.00051999999999 40.718638, -74.00115 40.719802, -74.0029 40.7195, -74.003 40.7182, -74.0008 40.7181, -74.00051999999999 40.718638))",0.375
206,29,9,"POLYGON ((-74.0022 40.7384, -74.0031 40.737, -74.002 40.7365, -74.0008 40.7362, -73.99979999999999 40.7369, -74.000272 40.73725200000001, -74.0022 40.7384))",0.23684210526315788
207,19,32,"POLYGON ((-73.9517 40.7719, -73.950536 40.771232, -73.9495 40.772, -73.94807800000001 40.774607, -73.9483 40.7747, -73.95010000000001 40.7738, -73.9517 40.7719))",0.6274509803921569
208,5,18,"POLYGON ((-73.954707 40.769525, -73.954562 40.769409, -73.9542 40.7696, -73.95310000000001 40.7709, -73.953 40.7716, -73.95364499999999 40.771062, -73.95423199999999 40.770415, -73.954705 40.769607, -73.954707 40.769525))",0.782608695652174
209,16,22,"POLYGON ((-73.95699999999999 40.7766, -73.9572 40.7751, -73.9568 40.7749, -73.95674699999999 40.774877, -73.956 40.7746, -73.95529999999999 40.7751, -73.95524 40.775222, -73.955156 40.775946, -73.956176 40.776494, -73.9567 40.7766, -73.95699999999999 40.7766))",0.5789473684210527
210,4,36,"POLYGON ((-73.95277 40.768725, -73.95272900000001 40.76855399999999, -73.952184 40.768798, -73.951667 40.76925, -73.9508 40.77085, -73.95089 40.770887, -73.951099 40.770684, -73.95277 40.768725))",0.9
211,11,6,"POLYGON ((-73.98399999999999 40.7745, -73.98314000000001 40.77645, -73.9832 40.7764, -73.98419 40.775312, -73.9851 40.7742, -73.984712 40.77422199999999, -73.98399999999999 40.7745))",0.35294117647058826
212,8,11,"POLYGON ((-73.983 40.7756, -73.983 40.775, -73.98288199999999 40.774925, -73.981725 40.775367, -73.9811 40.7758, -73.9816 40.7761, -73.9819 40.7762, -73.982077 40.776155, -73.9829 40.7757, -73.983 40.7756))",0.5789473684210527
213,12,12,"POLYGON ((-73.96080000000001 40.7799, -73.960652 40.780827, -73.960774 40.781099, -73.96080000000001 40.7811, -73.962037 40.781125, -73.962002 40.779637, -73.9619 40.7795, -73.96080000000001 40.7799))",0.5
214,21,16,"POLYGON ((-73.9618 40.7789, -73.96240300000001 40.779297, -73.96331600000001 40.778167, -73.9635 40.7776, -73.9633 40.7774, -73.96210000000001 40.778, -73.962 40.7782, -73.9618 40.7789))",0.43243243243243246
215,15,20,"POLYGON ((-73.99995799999999 40.738703, -74.000434 40.738196, -74.00041 40.737732, -74.00029000000001 40.737724, -73.999 40.7383, -73.998834 40.738848, -73.99890000000001 40.7391, -73.999 40.7393, -73.9992 40.7393, -73.99929300000001 40.739254, -73.99995799999999 40.738703))",0.5714285714285714
216,20,2,"POLYGON ((-74.0102 40.7313, -74.0091 40.7298, -74.00790000000001 40.7305, -74.00830000000001 40.7311, -74.00863699999999 40.731162, -74.01009999999999 40.7313, -74.0102 40.7313))",0.09090909090909091
217,11,26,"POLYGON ((-73.994271 40.755193, -73.99443000000001 40.756312, -73.996399 40.753775, -73.99672 40.752882, -73.995862 40.753265, -73.99466 40.754717, -73.994271 40.755193))",0.7027027027027027
218,25,39,"POLYGON ((-73.989799 40.760705, -73.990769 40.761075, -73.9926 40.7593, -73.99379999999999 40.7572, -73.99405300000001 40.75659, -73.9939 40.7565, -73.9937 40.7564, -73.9919 40.758, -73.9898 40.7606, -73.989799 40.760705))",0.609375
219,26,2,"POLYGON ((-74.010245 40.73465, -74.01009999999999 40.7335, -74.007026 40.734432, -74.0072 40.7346, -74.0076 40.7349, -74.008 40.7349, -74.010245 40.73465))",0.07142857142857142
220,3,17,"POLYGON ((-73.95482199999999 40.764121, -73.95485100000001 40.763953, -73.95466500000001 40.763912, -73.9546 40.7639, -73.95399999999999 40.764, -73.95399999999999 40.7641, -73.954227 40.764267, -73.954396 40.76433400000001, -73.954572 40.764257, -73.95482199999999 40.764121))",0.85
221,40,61,"POLYGON ((-73.953 40.7682, -73.95495 40.767367, -73.956 40.7641, -73.956 40.7638, -73.9556 40.764, -73.95229999999999 40.7662, -73.95229999999999 40.7663, -73.952432 40.766737, -73.953 40.7682))",0.6039603960396039
222,31,18,"POLYGON ((-74.00279999999999 40.7416, -74.00223000000001 40.740301, -74.002 40.7402, -74.0012 40.7401, -74.00109999999999 40.7401, -73.99939999999999 40.7409, -74 40.7413, -74.001177 40.741635, -74.00279999999999 40.7416))",0.3673469387755102
223,33,9,"POLYGON ((-74.00803499999999 40.741365, -74.0082 40.7405, -74.0078 40.7401, -74.0068 40.7406, -74.0068 40.7407, -74.00803499999999 40.741365))",0.21428571428571427
224,6,13,"POLYGON ((-73.9894 40.76300000000001, -73.990673 40.7615, -73.99021500000001 40.761336, -73.98928000000001 40.76222, -73.98909999999999 40.7627, -73.989306 40.76297, -73.9894 40.76300000000001))",0.6842105263157895
225,5,25,"POLYGON ((-73.98909999999999 40.7635, -73.98906700000001 40.763307, -73.988 40.7639, -73.987943 40.763937, -73.987662 40.765162, -73.98783 40.765157, -73.98809200000001 40.764934, -73.988699 40.764102, -73.98909999999999 40.7635))",0.8333333333333334
226,22,21,"POLYGON ((-73.9661 40.7688, -73.966942 40.767397, -73.96691199999999 40.767262, -73.96681700000001 40.766967, -73.96510000000001 40.7664, -73.96469999999999 40.7666, -73.96469999999999 40.7685, -73.9661 40.7688))",0.4883720930232558
227,137,92,"POLYGON ((-74.003165 40.744179, -74.0074 40.7418, -74.0073 40.7394, -74.006468 40.738278, -74.0055 40.7386, -74.005332 40.738787, -74.00409999999999 40.7405, -74.00348000000001 40.741725, -74.0031 40.744, -74.003165 40.744179))",0.4017467248908297
228,7,8,"POLYGON ((-73.958733 40.776217, -73.956965 40.775794, -73.95752299999999 40.776792, -73.9577 40.777, -73.958733 40.776217))",0.5333333333333333
229,33,24,"POLYGON ((-73.9639 40.7645, -73.9624 40.7653, -73.9624 40.7659, -73.96420000000001 40.7663, -73.9659 40.7662, -73.966335 40.76578, -73.966172 40.765512, -73.96434000000001 40.76457, -73.9639 40.7645))",0.42105263157894735
230,25,26,"POLYGON ((-74.0038 40.7401, -74.002994 40.738972, -74.0025 40.7388, -74.000522 40.738882, -74.0004 40.7389, -74.00111200000001 40.739325, -74.00240500000001 40.739962, -74.00272 40.740112, -74.00370500000001 40.74034, -74.0038 40.7401))",0.5098039215686274
231,9,10,"POLYGON ((-73.9688 40.7671, -73.967883 40.767015, -73.96795400000001 40.767126, -73.968626 40.767502, -73.9688 40.7672, -73.9688 40.7671))",0.5263157894736842
232,14,17,"POLYGON ((-73.96810000000001 40.7695, -73.96850000000001 40.7682, -73.96848299999999 40.767826, -73.96825 40.767662, -73.9676 40.7677, -73.9669 40.7691, -73.96736300000001 40.769428, -73.96810000000001 40.7695))",0.5483870967741935
233,9,6,"POLYGON ((-74.00579999999999 40.7375, -74.0057 40.7373, -74.00488199999999 40.737365, -74.00506300000001 40.73766, -74.0056 40.7378, -74.0057 40.7377, -74.00579999999999 40.7375))",0.4
234,20,10,"POLYGON ((-74.00360000000001 40.7365, -74.0033 40.7387, -74.003395 40.738862, -74.00354200000001 40.738856, -74.0043 40.7383, -74.0046 40.7376, -74.00369999999999 40.7366, -74.00360000000001 40.7365))",0.3333333333333333
235,9,11,"POLYGON ((-73.960902 40.766632, -73.96084599999999 40.765709, -73.96080000000001 40.7657, -73.9599 40.7659, -73.9597 40.766, -73.95988 40.766112, -73.96028000000001 40.766337, -73.960902 40.766632))",0.55
236,20,11,"POLYGON ((-73.96128 40.765458, -73.9618 40.7653, -73.962 40.7649, -73.962 40.7645, -73.96175699999999 40.764312, -73.961288 40.764237, -73.9611 40.7643, -73.9607 40.7648, -73.96080000000001 40.765, -73.96128 40.765458))",0.3548387096774194
237,37,22,"POLYGON ((-74.00841 40.71994, -74.008505 40.720457, -74.0103 40.7197, -74.01049999999999 40.7196, -74.0112 40.719, -74.010563 40.718712, -74.0091 40.7186, -74.008847 40.71864, -74.0087 40.7188, -74.0085 40.7193, -74.00841 40.71994))",0.3728813559322034
238,41,28,"POLYGON ((-74.0098 40.7222, -74.01090000000001 40.7202, -74.0107 40.7201, -74.0102 40.72, -74.0091 40.72, -74.0097 40.7222, -74.0098 40.7222))",0.4057971014492754
239,15,22,"POLYGON ((-73.9794 40.7414, -73.97920000000001 40.7401, -73.97810799999999 40.741167, -73.97790000000001 40.7414, -73.976877 40.743312, -73.976837 40.743627, -73.977079 40.743442, -73.9794 40.7414))",0.5945945945945946
240,26,21,"POLYGON ((-73.97648700000001 40.743907, -73.97366700000001 40.743482, -73.9738 40.7439, -73.9739 40.744, -73.97580000000001 40.745, -73.9768 40.7453, -73.977 40.7451, -73.97705699999999 40.744972, -73.9766 40.744, -73.97648700000001 40.743907))",0.44680851063829785
241,17,24,"POLYGON ((-73.97369999999999 40.7431, -73.9743 40.7434, -73.9744 40.7433, -73.975015 40.742552, -73.9752 40.7418, -73.9752 40.7416, -73.97447199999999 40.741552, -73.97369999999999 40.7431))",0.5853658536585366
242,21,33,"POLYGON ((-73.958 40.7685, -73.9571 40.7663, -73.95650699999999 40.766342, -73.955647 40.767445, -73.955629 40.767694, -73.955765 40.767987, -73.955878 40.768145, -73.9569 40.7691, -73.9571 40.7692, -73.9572 40.7692, -73.95780000000001 40.7689, -73.958 40.7685))",0.6111111111111112
243,7,9,"POLYGON ((-73.95189999999999 40.7783, -73.953194 40.778738, -73.9533 40.7785, -73.953345 40.778387, -73.95271600000001 40.77820999999999, -73.952134 40.778139, -73.95189999999999 40.7783))",0.5625
244,7,13,"POLYGON ((-73.9546 40.78, -73.954775 40.779802, -73.95415200000001 40.778737, -73.95381 40.778683, -73.953737 40.778911, -73.95359999999999 40.7796, -73.954126 40.779906, -73.9546 40.78))",0.65
245,8,8,"POLYGON ((-73.952235 40.777797, -73.952315 40.777261, -73.95229999999999 40.7772, -73.95189999999999 40.777, -73.9516 40.7769, -73.951902 40.777772, -73.952235 40.777797))",0.5
246,19,7,"POLYGON ((-73.9594 40.7697, -73.9598 40.7694, -73.95950000000001 40.7676, -73.959048 40.767513, -73.95869999999999 40.768, -73.95829999999999 40.7688, -73.95829999999999 40.7689, -73.9594 40.7697))",0.2692307692307692
247,20,50,"POLYGON ((-73.962194 40.766342, -73.9602 40.7696, -73.9605 40.7706, -73.9607 40.7709, -73.9615 40.7701, -73.962987 40.767423, -73.963295 40.766767, -73.96313000000001 40.766547, -73.962194 40.766342))",0.7142857142857143
248,18,4,"POLYGON ((-73.9867 40.7356, -73.98560000000001 40.7367, -73.9859 40.7368, -73.986508 40.736925, -73.98739999999999 40.7367, -73.987478 40.735921, -73.98699999999999 40.7357, -73.9867 40.7356))",0.18181818181818182
249,24,44,"POLYGON ((-73.9569 40.7784, -73.95676800000001 40.778057, -73.95656600000001 40.778066, -73.9555 40.7785, -73.95480000000001 40.7805, -73.95480000000001 40.7809, -73.95601500000001 40.779762, -73.9569 40.7784))",0.6470588235294118
250,14,16,"POLYGON ((-73.95610000000001 40.7779, -73.955217 40.776917, -73.9538 40.7778, -73.9541 40.7781, -73.95458599999999 40.778394, -73.9558 40.7781, -73.956 40.778, -73.95610000000001 40.7779))",0.5333333333333333
251,21,13,"POLYGON ((-73.9562 40.7704, -73.95621800000001 40.771498, -73.95659999999999 40.7714, -73.95829999999999 40.7705, -73.958377 40.770422, -73.957497 40.769917, -73.9562 40.7704))",0.38235294117647056
252,21,19,"POLYGON ((-73.956 40.7737, -73.95650000000001 40.7719, -73.956132 40.77182, -73.955466 40.771831, -73.9542 40.773, -73.954098 40.773117, -73.95473699999999 40.773666, -73.95480000000001 40.7737, -73.955917 40.77375, -73.956 40.7737))",0.475
253,8,9,"POLYGON ((-73.9524 40.7769, -73.9532 40.7767, -73.95305 40.77611, -73.9528 40.7763, -73.95265000000001 40.77649, -73.9524 40.7769))",0.5294117647058824
254,14,8,"POLYGON ((-73.9543 40.7746, -73.95440000000001 40.7744, -73.9543 40.7744, -73.953778 40.774497, -73.9533 40.7753, -73.953034 40.775835, -73.953322 40.77589099999999, -73.953452 40.775897, -73.9543 40.7746))",0.36363636363636365
255,12,38,"POLYGON ((-73.9598 40.7719, -73.95996 40.77039, -73.959715 40.770397, -73.95885 40.770707, -73.95829000000001 40.772175, -73.958495 40.772377, -73.95868 40.77253, -73.959058 40.772375, -73.95962900000001 40.772026, -73.9598 40.7719))",0.76
256,5,10,"POLYGON ((-73.962 40.772, -73.96135500000001 40.771557, -73.9607 40.7714, -73.96080000000001 40.7715, -73.961175 40.77184699999999, -73.961618 40.771977, -73.962 40.772))",0.6666666666666666
257,29,34,"POLYGON ((-73.9594 40.7752, -73.9603 40.7738, -73.95999999999999 40.7734, -73.95836300000001 40.772777, -73.95766 40.773287, -73.95742800000001 40.774357, -73.9586 40.7753, -73.9594 40.7752))",0.5396825396825397
258,13,8,"POLYGON ((-73.961185 40.77254, -73.96086200000001 40.77215, -73.9602 40.7722, -73.9597 40.7728, -73.9601 40.7731, -73.9602 40.7731, -73.961185 40.77254))",0.38095238095238093
259,16,17,"POLYGON ((-73.982567 40.741777, -73.981492 40.743055, -73.98165999999999 40.74317199999999, -73.9819 40.7433, -73.98202499999999 40.743316, -73.983254 40.743086, -73.98350699999999 40.742952, -73.9841 40.7418, -73.98411999999999 40.740892, -73.98390000000001 40.7409, -73.982567 40.741777))",0.5151515151515151
260,9,9,"POLYGON ((-73.96169999999999 40.7762, -73.961449 40.775906, -73.960865 40.775407, -73.9603 40.7751, -73.96040000000001 40.7756, -73.9607 40.7759, -73.96079499999999 40.775962, -73.9611 40.7761, -73.96169999999999 40.7762))",0.5
261,13,24,"POLYGON ((-73.960942 40.778075, -73.9615 40.7779, -73.96185699999999 40.777286, -73.961888 40.776652, -73.960262 40.77612199999999, -73.9592 40.776, -73.959852 40.776787, -73.960942 40.778075))",0.6486486486486487
262,14,9,"POLYGON ((-73.9961 40.7468, -73.9965 40.74800000000001, -73.9969 40.7479, -73.99739599999999 40.746705, -73.996157 40.746783, -73.99611 40.74679, -73.9961 40.7468))",0.391304347826087
263,53,33,"POLYGON ((-73.9639 40.7754, -73.96427199999999 40.773869, -73.9641 40.7736, -73.96339999999999 40.7735, -73.962 40.7745, -73.96210000000001 40.7763, -73.962125 40.776397, -73.96233199999999 40.77642700000001, -73.9639 40.7754))",0.38372093023255816
264,19,24,"POLYGON ((-73.96259999999999 40.7697, -73.96239 40.770197, -73.96250000000001 40.7706, -73.9636 40.7718, -73.96374 40.771793, -73.9645 40.7714, -73.9645 40.770936, -73.9631 40.77, -73.96259999999999 40.7697))",0.5581395348837209
265,23,35,"POLYGON ((-73.96145300000001 40.775112, -73.9633 40.7725, -73.96326999999999 40.77168, -73.96238199999999 40.77221, -73.9607 40.774, -73.9607 40.7742, -73.961 40.7751, -73.96145300000001 40.775112))",0.603448275862069
266,21,14,"POLYGON ((-73.99897800000001 40.736447, -73.99888299999999 40.736175, -73.99834300000001 40.735285, -73.9982 40.7352, -73.9975 40.7351, -73.99760000000001 40.7361, -73.99769999999999 40.7362, -73.9987 40.7364, -73.99897800000001 40.736447))",0.4
267,18,24,"POLYGON ((-73.999236 40.744614, -74.00060000000001 40.743, -73.9997 40.7425, -73.99890000000001 40.7422, -73.9986 40.7423, -73.9984 40.7445, -73.998834 40.744702, -73.998952 40.744692, -73.999236 40.744614))",0.5714285714285714
268,9,10,"POLYGON ((-73.98090000000001 40.7716, -73.9808 40.771, -73.97964 40.771107, -73.97915500000001 40.771577, -73.9794 40.7719, -73.97950300000001 40.771991, -73.98090000000001 40.7716))",0.5263157894736842
269,28,14,"POLYGON ((-74.0008 40.7302, -74.001311 40.729707, -74.001284 40.72923, -74.0009 40.7282, -74.0003 40.7278, -73.99939999999999 40.7276, -73.999101 40.72764, -73.9991 40.7279, -73.9991 40.7282, -74.0003 40.7302, -74.00036300000001 40.730287, -74.0008 40.7302))",0.3333333333333333
270,20,3,"POLYGON ((-74.00109999999999 40.7256, -74.0004 40.7254, -74.0001 40.7254, -73.99939999999999 40.7259, -74.001391 40.72625900000001, -74.00149999999999 40.7262, -74.0014 40.726, -74.00109999999999 40.7256))",0.13043478260869565
271,31,4,"POLYGON ((-74.00239999999999 40.7254, -74.002622 40.724882, -74.0022 40.7243, -74.0009 40.7241, -74.00069999999999 40.7244, -74.0003 40.7251, -74.00239999999999 40.7254))",0.11428571428571428
272,38,17,"POLYGON ((-74.00295300000001 40.725142, -74.00320000000001 40.7257, -74.00367 40.725782, -74.0039 40.7258, -74.00558100000001 40.725831, -74.0057 40.7258, -74.00579999999999 40.7256, -74.006 40.7248, -74.0031 40.7251, -74.00295300000001 40.725142))",0.3090909090909091
273,12,3,"POLYGON ((-74.0061 40.7265, -74.0059 40.7261, -74.00518199999999 40.726452, -74.0052 40.7266, -74.0059 40.7266, -74.0061 40.7265))",0.2
274,16,5,"POLYGON ((-74.0057 40.7274, -74.0065 40.7271, -74.0055 40.7269, -74.00542900000001 40.726918, -74.00508499999999 40.727142, -74.0056 40.7274, -74.0057 40.7274))",0.23809523809523808
275,18,3,"POLYGON ((-74.009 40.7268, -74.0098 40.7261, -74.0094 40.7252, -74.0093 40.725, -74.00920000000001 40.7251, -74.0089 40.7257, -74.009 40.7268))",0.14285714285714285
276,20,16,"POLYGON ((-74.0026 40.735, -74.0029 40.7343, -74.0025 40.7342, -74.00109999999999 40.7345, -74.0012 40.7352, -74.00149999999999 40.7359, -74.00155699999999 40.735927, -74.001848 40.735801, -74.0026 40.735))",0.4444444444444444
277,8,16,"POLYGON ((-74.0013 40.7313, -74.0022 40.7305, -74.00196700000001 40.73039199999999, -74.00182 40.73045, -74.00085799999999 40.730833, -74.0013 40.7313))",0.6666666666666666
278,18,7,"POLYGON ((-74.0048 40.7315, -74.00320000000001 40.7314, -74.00312 40.731472, -74.0031 40.7315, -74.003 40.7319, -74.003765 40.732162, -74.0039 40.7322, -74.0051 40.7319, -74.00508000000001 40.731757, -74.0048 40.7315))",0.28
279,30,13,"POLYGON ((-73.99930000000001 40.7419, -73.99930000000001 40.7401, -73.998592 40.739657, -73.9983 40.7399, -73.99768 40.740994, -73.9988 40.7417, -73.99930000000001 40.7419))",0.3023255813953488
280,23,34,"POLYGON ((-73.985 40.7341, -73.984672 40.73674699999999, -73.9847 40.7368, -73.98506999999999 40.736524, -73.98674100000001 40.7349, -73.9871 40.7341, -73.98699999999999 40.7338, -73.98670300000001 40.733612, -73.9862 40.7337, -73.985 40.7341))",0.5964912280701754
281,13,17,"POLYGON ((-73.9873 40.7316, -73.98706300000001 40.733275, -73.987122 40.733382, -73.9879 40.7339, -73.9881 40.7338, -73.9881 40.7329, -73.9877 40.7317, -73.9873 40.7316))",0.5666666666666667
282,8,13,"POLYGON ((-74.00020000000001 40.734, -73.999432 40.733752, -73.999274 40.733871, -73.99864699999999 40.734707, -73.998723 40.734959, -73.998898 40.734881, -74.00020000000001 40.7341, -74.00020000000001 40.734))",0.6190476190476191
283,15,25,"POLYGON ((-73.999585 40.733471, -73.99972099999999 40.73355, -74.000108 40.733142, -74.001254 40.73182199999999, -74.0013 40.7317, -74.001076 40.7316, -74.0004 40.7314, -74.00018 40.731351, -73.999635 40.733054, -73.999585 40.733471))",0.625
284,17,14,"POLYGON ((-73.981328 40.741442, -73.9834 40.7396, -73.983075 40.739339, -73.9829 40.7392, -73.9824 40.7395, -73.98180000000001 40.7399, -73.980486 40.741221, -73.98111999999999 40.741527, -73.981328 40.741442))",0.45161290322580644
285,15,2,"POLYGON ((-73.996747 40.731492, -73.9966 40.7318, -73.9966 40.7319, -73.99679999999999 40.7324, -73.9969 40.7325, -73.99720000000001 40.7327, -73.99760000000001 40.7328, -73.99701999999999 40.731523, -73.996747 40.731492))",0.11764705882352941
286,28,16,"POLYGON ((-73.99630000000001 40.733, -73.99639000000001 40.732212, -73.99600000000002 40.7321, -73.994625 40.731869, -73.99420000000001 40.7319, -73.99408000000001 40.732332, -73.9941 40.7325, -73.995 40.7332, -73.995183 40.73332, -73.99563499999999 40.733457, -73.99630000000001 40.733))",0.36363636363636365
287,30,52,"POLYGON ((-73.9798 40.7671, -73.9821 40.7696, -73.98298299999999 40.769462, -73.983225 40.769315, -73.9833 40.7692, -73.98260000000001 40.768, -73.98168000000001 40.766732, -73.98116999999999 40.766733, -73.9798 40.7671))",0.6341463414634146
288,25,9,"POLYGON ((-73.981673 40.769125, -73.9812 40.7689, -73.9799 40.77056, -73.98 40.7707, -73.980176 40.770744, -73.9806 40.7706, -73.9812 40.7698, -73.981593 40.769257, -73.981673 40.769125))",0.2647058823529412
289,11,7,"POLYGON ((-73.97924300000001 40.775057, -73.97920000000001 40.7751, -73.9795 40.776, -73.979675 40.7762, -73.9804 40.7764, -73.980361 40.775448, -73.98034 40.775405, -73.97924300000001 40.775057))",0.3888888888888889
290,17,53,"POLYGON ((-73.980492 40.77506, -73.982095 40.774775, -73.982563 40.774435, -73.98325 40.773532, -73.982517 40.772572, -73.98245899999999 40.772533, -73.982383 40.772527, -73.9816 40.772762, -73.98095699999999 40.773517, -73.9806 40.774, -73.980492 40.77506))",0.7571428571428571
291,14,9,"POLYGON ((-74.00960000000001 40.7325, -74.008 40.7318, -74.007755 40.731868, -74.007355 40.732352, -74.007537 40.732664, -74.0077 40.7327, -74.0089 40.7326, -74.00960000000001 40.7325))",0.391304347826087
292,12,5,"POLYGON ((-73.9939 40.7345, -73.99329 40.73374, -73.9926 40.7337, -73.9927 40.7339, -73.9936 40.7345, -73.9939 40.7345))",0.29411764705882354
293,14,8,"POLYGON ((-73.99311999999999 40.73339199999999, -73.994017 40.732937, -73.99353499999999 40.732562, -73.9931 40.7324, -73.9919 40.7327, -73.992937 40.733307, -73.99311999999999 40.73339199999999))",0.36363636363636365
294,18,12,"POLYGON ((-74.0069 40.7353, -74.00596 40.735607, -74.00585 40.736045, -74.00579999999999 40.7363, -74.00579999999999 40.7364, -74.00620000000001 40.7369, -74.0065 40.7369, -74.0067 40.7362, -74.0068 40.7358, -74.0069 40.7353))",0.4
295,4,14,"POLYGON ((-73.98284200000001 40.771977, -73.983148 40.771625, -73.98299200000001 40.771567, -73.98269999999999 40.7716, -73.9821 40.7718, -73.982015 40.772, -73.98202499999999 40.772026, -73.98252099999999 40.772194, -73.98284200000001 40.771977))",0.7777777777777778
296,7,14,"POLYGON ((-73.982377 40.770847, -73.98186700000001 40.769935, -73.9815 40.7704, -73.9813 40.7712, -73.981853 40.771379, -73.98237399999999 40.771427, -73.982377 40.770847))",0.6666666666666666
297,16,46,"POLYGON ((-73.977622 40.746181, -73.98008900000001 40.746721, -73.98009999999999 40.7466, -73.98012900000001 40.743176, -73.980097 40.743076, -73.9798 40.7429, -73.97959 40.743045, -73.977898 40.744967, -73.97766800000001 40.745545, -73.977622 40.746181))",0.7419354838709677
298,14,24,"POLYGON ((-73.979325 40.747052, -73.97925699999999 40.74681500000001, -73.9786 40.7468, -73.9785 40.7468, -73.97805200000001 40.747602, -73.9778 40.7481, -73.9776 40.7488, -73.977576 40.749011, -73.978072 40.74894699999999, -73.97903700000001 40.748107, -73.97927800000001 40.747437, -73.979325 40.747052))",0.631578947368421
299,11,18,"POLYGON ((-74.00624300000001 40.734762, -74.007295 40.733517, -74.0065 40.7329, -74.00604799999999 40.733187, -74.006077 40.734395, -74.0061 40.7346, -74.00615500000001 40.734692, -74.00624300000001 40.734762))",0.6206896551724138
300,17,23,"POLYGON ((-74.0047 40.7247, -74.0055 40.7237, -74.005332 40.722457, -74.005278 40.722107, -74.0051 40.7218, -74.0044 40.7227, -74.0043 40.724, -74.00449999999999 40.7246, -74.0047 40.7247))",0.575
301,14,4,"POLYGON ((-74.0077 40.7262, -74.00790000000001 40.7259, -74.0076 40.7257, -74.0067 40.7255, -74.00660000000001 40.7257, -74.006687 40.725777, -74.0074 40.7262, -74.0077 40.7262))",0.2222222222222222
302,17,2,"POLYGON ((-74.00709999999999 40.7254, -74.0085 40.7251, -74.00796 40.724591, -74.0077 40.7247, -74.007527 40.724778, -74.00709999999999 40.7254))",0.10526315789473684
303,5,16,"POLYGON ((-74.0026 40.7338, -74.00301899999999 40.733611, -74.003388 40.732971, -74.00339 40.732577, -74.003378 40.73254, -74.002402 40.733222, -74.002402 40.733532, -74.0026 40.7338))",0.7619047619047619
304,22,4,"POLYGON ((-74.0056 40.7332, -74.0038 40.7326, -74.0038 40.7327, -74.00399999999998 40.7334, -74.0044 40.7336, -74.0056 40.7333, -74.0056 40.7332))",0.15384615384615385
305,22,0,"POLYGON ((-74.0107 40.7235, -74.0103 40.7237, -74.0103 40.7238, -74.01049999999999 40.7239, -74.01090000000001 40.7238, -74.0111 40.7236, -74.01090000000001 40.7235, -74.0107 40.7235))",0.0
306,38,13,"POLYGON ((-74.0067 40.7282, -74.007108 40.729146, -74.0073 40.7288, -74.0077 40.7275, -74.00752 40.726532, -74.00737700000001 40.726555, -74.0067 40.7282))",0.2549019607843137
307,16,10,"POLYGON ((-74.006737 40.72953, -74.00630799999999 40.730652, -74.00700500000001 40.73105200000001, -74.0073 40.7311, -74.00700000000001 40.7296, -74.006897 40.729422, -74.006737 40.72953))",0.38461538461538464
308,15,6,"POLYGON ((-74.00620000000001 40.7236, -74.00749999999999 40.7226, -74.00601899999999 40.722681, -74.0059 40.7235, -74.00620000000001 40.7236))",0.2857142857142857
309,19,12,"POLYGON ((-74.0085 40.724, -74.008341 40.721839, -74.00824300000001 40.721864, -74.00790000000001 40.7227, -74.0078 40.7232, -74.007897 40.72382, -74.0085 40.724))",0.3870967741935484
310,21,3,"POLYGON ((-74.0087 40.7233, -74.00858000000001 40.72453, -74.00920000000001 40.7246, -74.0103 40.7242, -74.0098 40.7236, -74.0095 40.7235, -74.0087 40.7233))",0.125
311,13,10,"POLYGON ((-73.9665 40.7597, -73.96600000000002 40.7604, -73.96767199999999 40.760777, -73.9679 40.7607, -73.968 40.7605, -73.96759200000001 40.760058, -73.96751 40.759987, -73.967415 40.759905, -73.9665 40.7597))",0.43478260869565216
312,9,9,"POLYGON ((-73.98569999999999 40.7397, -73.984641 40.739447, -73.98390000000001 40.74, -73.984016 40.74039, -73.98477 40.740147, -73.9855 40.7398, -73.98569999999999 40.7397))",0.5
313,15,11,"POLYGON ((-73.96429999999999 40.7589, -73.964488 40.76054, -73.9646 40.7605, -73.96510000000001 40.76, -73.96535 40.75939, -73.965423 40.759199, -73.9653 40.7591, -73.96474499999999 40.758982, -73.96429999999999 40.7589))",0.4230769230769231
314,7,13,"POLYGON ((-74.0033 40.7284, -74.002769 40.72862199999999, -74.002307 40.729147, -74.00197299999999 40.729587, -74.00206300000001 40.729945, -74.00230000000001 40.73, -74.00320000000001 40.7287, -74.0033 40.7284))",0.65
315,16,0,"POLYGON ((-74.00409999999999 40.7201, -74.0043 40.7199, -74.0042 40.7194, -74.00409999999999 40.7193, -74.0033 40.719, -74.0038 40.72, -74.0039 40.7201, -74.00409999999999 40.7201))",0.0
316,10,13,"POLYGON ((-73.9953 40.7285, -73.994297 40.72803, -73.994225 40.72806, -73.99314200000001 40.729638, -73.99339999999999 40.7296, -73.9952 40.7287, -73.9953 40.7286, -73.9953 40.7285))",0.5652173913043478
317,20,13,"POLYGON ((-73.99360300000001 40.731167, -73.9943 40.7301, -73.9941 40.73, -73.99290999999999 40.729942, -73.99266800000001 40.730189, -73.992008 40.731007, -73.99360300000001 40.731167))",0.3939393939393939
318,18,2,"POLYGON ((-74.0003 40.7199, -74.00060000000001 40.7196, -73.9999 40.7191, -73.99978 40.71910399999999, -73.9995 40.7193, -73.99979999999999 40.7197, -74.0003 40.7199))",0.1
319,13,5,"POLYGON ((-73.99939999999999 40.7197, -73.998476 40.719787, -73.998942 40.720077, -73.99939999999999 40.7203, -73.99939999999999 40.7197))",0.2777777777777778
320,18,14,"POLYGON ((-74.00291 40.728152, -74.003668 40.727735, -74.003472 40.727124, -74.0034 40.7269, -74.0027 40.726, -74.0021 40.7264, -74.00206999999999 40.72647, -74.00291 40.728152))",0.4375
321,28,19,"POLYGON ((-73.992401 40.738121, -73.99386 40.737017, -73.99339499999999 40.73637, -73.992 40.7362, -73.99169999999999 40.7362, -73.992 40.7378, -73.992135 40.738057, -73.992401 40.738121))",0.40425531914893614
322,24,6,"POLYGON ((-73.9935 40.7403, -73.9944 40.7396, -73.99379999999999 40.7392, -73.9922 40.7393, -73.992 40.7395, -73.9935 40.7403))",0.2
323,15,3,"POLYGON ((-74.00456 40.722255, -74.004965 40.721235, -74.0047 40.7213, -74.00409999999999 40.7218, -74.00399999999998 40.7219, -74.0039 40.7221, -74.00456 40.722255))",0.16666666666666666
324,22,18,"POLYGON ((-73.981472 40.745662, -73.9811 40.7467, -73.981252 40.74689, -73.9816 40.7468, -73.982028 40.746635, -73.982917 40.746037, -73.9828 40.7459, -73.9821 40.7453, -73.981472 40.745662))",0.45
325,10,5,"POLYGON ((-74.0038 40.7234, -74.0034 40.7233, -74.003355 40.723672, -74.00335200000001 40.724042, -74.00360000000001 40.7239, -74.0038 40.7235, -74.0038 40.7234))",0.3333333333333333
326,15,7,"POLYGON ((-74.0026 40.7236, -74.0029 40.7236, -74.00360000000001 40.7229, -74.003923 40.72245, -74.0035 40.7226, -74.00264900000001 40.723108, -74.0026 40.7236))",0.3181818181818182
327,22,3,"POLYGON ((-74.0012 40.723, -74.0033 40.7223, -74.0027 40.7218, -74.00236200000001 40.721732, -74.002323 40.721736, -74.002 40.7218, -74.001052 40.722377, -74.0012 40.723))",0.12
328,14,33,"POLYGON ((-73.9838 40.7662, -73.9837 40.7656, -73.983615 40.765347, -73.9829 40.7658, -73.98285 40.765855, -73.98251399999999 40.766353, -73.98227 40.76714699999999, -73.982394 40.767313, -73.982597 40.767567, -73.98269999999999 40.7676, -73.983424 40.766998, -73.98357299999999 40.766762, -73.9838 40.7662))",0.7021276595744681
329,29,0,"POLYGON ((-74.001 40.721, -74.0012 40.7215, -74.00230000000001 40.7214, -74.0026 40.72, -74.0025 40.72, -74.001 40.721))",0.0
330,28,4,"POLYGON ((-73.99590000000001 40.7226, -73.9939 40.7225, -73.9939 40.7233, -73.995802 40.723244, -73.99590000000001 40.7229, -73.99590000000001 40.7226))",0.125
331,18,10,"POLYGON ((-73.984302 40.767831, -73.98520000000001 40.7668, -73.98480000000001 40.7667, -73.98439999999999 40.7668, -73.9838 40.7672, -73.9832 40.7678, -73.9833 40.768, -73.983418 40.768155, -73.984302 40.767831))",0.35714285714285715
332,13,17,"POLYGON ((-73.9854 40.7695, -73.9854 40.7683, -73.9847 40.7682, -73.984092 40.768277, -73.9837 40.7684, -73.98350000000001 40.7686, -73.9854 40.7695))",0.5666666666666667
333,31,25,"POLYGON ((-74.000382 40.726337, -73.99850000000001 40.726, -73.9983 40.726, -73.9982 40.7262, -73.999635 40.727222, -74.00229 40.728272, -74.002426 40.728122, -74.002302 40.727977, -74.000382 40.726337))",0.44642857142857145
334,12,11,"POLYGON ((-73.9936 40.72163, -73.99343499999999 40.721582, -73.992615 40.723645, -73.99278699999999 40.723627, -73.99296 40.723485, -73.9935 40.7224, -73.9936 40.72163))",0.4782608695652174
335,19,6,"POLYGON ((-73.99850000000001 40.7208, -73.9983 40.7202, -73.998 40.7202, -73.99760000000001 40.7203, -73.9973 40.7208, -73.9975 40.7211, -73.9978 40.7213, -73.99809999999999 40.7213, -73.99850000000001 40.7208))",0.24
336,4,12,"POLYGON ((-73.9941 40.75, -73.99339999999999 40.7495, -73.99299999999999 40.7497, -73.992982 40.749725, -73.993296 40.750081, -73.993318 40.750099, -73.9941 40.75))",0.75
337,55,98,"POLYGON ((-73.9918 40.7524, -73.99263000000001 40.75301, -73.99290000000001 40.753, -73.99300699999999 40.752896, -73.99422800000001 40.75168, -73.994733 40.750885, -73.995012 40.750445, -73.995362 40.749542, -73.995322 40.749525, -73.994151 40.750275, -73.99281500000001 40.751287, -73.9918 40.7524))",0.6405228758169934
338,41,32,"POLYGON ((-73.99209499999999 40.755732, -73.9924 40.7557, -73.9928 40.7544, -73.99299999999999 40.7534, -73.992938 40.75332, -73.99287199999999 40.753316, -73.9922 40.7533, -73.992 40.7534, -73.9905 40.7542, -73.990427 40.754292, -73.99039999999999 40.7545, -73.9914 40.7555, -73.99209499999999 40.755732))",0.4383561643835616
339,29,115,"POLYGON ((-73.989752 40.758317, -73.9901 40.7583, -73.9915 40.75611, -73.991547 40.756007, -73.99142500000001 40.75579, -73.9909 40.7552, -73.99040600000001 40.755379, -73.9902 40.7555, -73.988895 40.756283, -73.988395 40.756732, -73.9888 40.7577, -73.989752 40.758317))",0.7986111111111112
340,29,16,"POLYGON ((-73.994085 40.72762700000001, -73.9943 40.7267, -73.994107 40.726727, -73.9919 40.7271, -73.9918 40.7272, -73.992847 40.728152, -73.992997 40.72816, -73.9935 40.728, -73.994085 40.72762700000001))",0.35555555555555557
341,17,8,"POLYGON ((-73.99129499999999 40.737803, -73.99162199999999 40.737552, -73.99160000000001 40.7375, -73.9907 40.7366, -73.9898 40.7368, -73.98973000000001 40.736845, -73.9911 40.7377, -73.99129499999999 40.737803))",0.32
342,12,4,"POLYGON ((-73.99460000000001 40.7269, -73.99469999999999 40.7276, -73.994938 40.727943, -73.99535899999999 40.72755, -73.9954 40.7274, -73.9952 40.7272, -73.9948 40.7269, -73.99460000000001 40.7269))",0.25
343,6,15,"POLYGON ((-73.966308 40.762305, -73.9662 40.762, -73.96602299999999 40.761837, -73.96559999999999 40.7623, -73.9654 40.7631, -73.965523 40.76316, -73.965745 40.76320399999999, -73.96600000000002 40.7631, -73.9661 40.76300000000001, -73.966308 40.762305))",0.7142857142857143
344,9,14,"POLYGON ((-73.96600000000002 40.7613, -73.96611300000001 40.761557, -73.96658000000001 40.761657, -73.967017 40.761747, -73.967015 40.761067, -73.967 40.7608, -73.96680000000001 40.7607, -73.9665 40.7607, -73.96600000000002 40.7613))",0.6086956521739131
345,56,17,"POLYGON ((-73.9974 40.7214, -73.99600000000002 40.7218, -73.9962 40.7222, -73.99725699999999 40.723532, -73.997512 40.723492, -73.998379 40.722842, -73.9983 40.7224, -73.99769999999999 40.7216, -73.9974 40.7214))",0.2328767123287671
346,183,99,"POLYGON ((-74.0001 40.7242, -74.000077 40.721592, -73.99684000000001 40.723097, -73.9961 40.7235, -73.99386 40.724727, -73.99435799999999 40.725796, -73.99550000000001 40.727, -73.99675699999999 40.727152, -73.9995 40.7253, -74.0001 40.7242))",0.35106382978723405
347,7,11,"POLYGON ((-73.9935 40.7246, -73.99365999999999 40.72446, -73.9936 40.7244, -73.992835 40.723942, -73.99264000000001 40.724167, -73.9924 40.7245, -73.99244200000001 40.724527, -73.9935 40.7246))",0.6111111111111112
348,72,23,"POLYGON ((-73.9923 40.7267, -73.9933 40.7255, -73.99250000000001 40.7248, -73.991152 40.723962, -73.991 40.7239, -73.990628 40.724362, -73.9906 40.7245, -73.9906 40.7246, -73.99168299999999 40.726532, -73.9918 40.7266, -73.9923 40.7267))",0.24210526315789474
349,17,23,"POLYGON ((-73.9736 40.7489, -73.97450000000001 40.7475, -73.97448 40.747397, -73.97417 40.747097, -73.97363199999999 40.747162, -73.973 40.7477, -73.97279 40.74874000000001, -73.973101 40.749014, -73.9736 40.7489))",0.575
350,22,6,"POLYGON ((-73.9896 40.747, -73.989548 40.747299, -73.9898 40.7474, -73.9918 40.7474, -73.9918 40.7473, -73.9915 40.7471, -73.9906 40.7469, -73.98999999999999 40.7468, -73.9896 40.747))",0.21428571428571427
351,5,10,"POLYGON ((-73.9836 40.7596, -73.98338100000001 40.75961599999999, -73.983968 40.76014, -73.9843 40.7602, -73.98424300000001 40.759825, -73.9842 40.7598, -73.98399000000001 40.759729, -73.9836 40.7596))",0.6666666666666666
352,23,8,"POLYGON ((-73.9889 40.7462, -73.98881899999999 40.745882, -73.98869999999999 40.7458, -73.987942 40.745351, -73.987987 40.74624, -73.9881 40.7467, -73.98836 40.747195, -73.9889 40.7463, -73.9889 40.7462))",0.25806451612903225
353,17,14,"POLYGON ((-73.99290000000001 40.7348, -73.992322 40.734327, -73.99070999999999 40.734919, -73.990863 40.735082, -73.9915 40.7355, -73.9923 40.7356, -73.9926 40.7355, -73.99290000000001 40.7348))",0.45161290322580644
354,7,8,"POLYGON ((-73.9932 40.7357, -73.992565 40.735857, -73.9931 40.736, -73.994265 40.736231, -73.99379999999999 40.7358, -73.9932 40.7357))",0.5333333333333333
355,8,7,"POLYGON ((-73.994198 40.735544, -73.99420000000001 40.7352, -73.99406500000001 40.735122, -73.9932 40.735, -73.9932 40.7351, -73.993782 40.735507, -73.99399699999999 40.735538, -73.994198 40.735544))",0.4666666666666667
356,1,15,"POLYGON ((-73.99003 40.729623, -73.98990400000001 40.729329, -73.989147 40.73003, -73.989363 40.730128, -73.98938299999999 40.730117, -73.990022 40.729667, -73.99003 40.729623))",0.9375
357,10,22,"POLYGON ((-73.99039999999999 40.7315, -73.9903 40.731, -73.989209 40.7304, -73.988703 40.730975, -73.988421 40.731443, -73.988282 40.731687, -73.988265 40.731755, -73.9883 40.7318, -73.99002800000001 40.732552, -73.99005200000001 40.732542, -73.990217 40.732067, -73.99039999999999 40.7315))",0.6875
358,14,18,"POLYGON ((-73.99146 40.733511, -73.991562 40.731487, -73.9915 40.731, -73.9913 40.7308, -73.99069300000001 40.730602, -73.99039999999999 40.7307, -73.9909 40.7331, -73.991 40.7333, -73.99146 40.733511))",0.5625
359,29,32,"POLYGON ((-73.989254 40.734418, -73.989983 40.73484000000001, -73.99079999999999 40.7346, -73.991287 40.734347, -73.99117199999999 40.733707, -73.99033900000001 40.732761, -73.98990000000001 40.7329, -73.98950000000001 40.7336, -73.989254 40.734418))",0.5245901639344263
360,16,8,"POLYGON ((-73.9909 40.7382, -73.9909 40.7381, -73.990888 40.738025, -73.989953 40.737564, -73.9892 40.7374, -73.9896 40.7378, -73.9901 40.7382, -73.9909 40.7382))",0.3333333333333333
361,16,26,"POLYGON ((-73.988711 40.73742, -73.9898 40.7359, -73.98964000000001 40.73574, -73.98876300000001 40.736175, -73.98850300000001 40.736332, -73.9884 40.7366, -73.988208 40.737372, -73.988711 40.73742))",0.6190476190476191
362,37,47,"POLYGON ((-73.968 40.7587, -73.96850000000001 40.7552, -73.968475 40.755095, -73.968011 40.755098, -73.96769999999999 40.7553, -73.96566899999999 40.757805, -73.9652 40.7584, -73.965733 40.758892, -73.966938 40.759237, -73.9675 40.7591, -73.968 40.7587))",0.5595238095238095
363,23,37,"POLYGON ((-73.970857 40.752637, -73.970912 40.75205, -73.9709 40.7516, -73.97022700000001 40.751884, -73.968537 40.754022, -73.96829 40.754752, -73.96893799999999 40.755077, -73.9692 40.7552, -73.970857 40.752637))",0.6166666666666667
364,15,1,"POLYGON ((-73.991 40.7428, -73.9907 40.743, -73.99079999999999 40.7433, -73.99160000000001 40.7435, -73.99169999999999 40.7433, -73.9913 40.7429, -73.991 40.7428))",0.0625
365,7,24,"POLYGON ((-73.99625400000001 40.737007, -73.9962 40.7377, -73.996307 40.737905, -73.99643499999999 40.737944, -73.996477 40.737927, -73.997297 40.7372, -73.9975 40.7366, -73.997232 40.736553, -73.99625400000001 40.737007))",0.7741935483870968
366,13,23,"POLYGON ((-73.98603799999999 40.74119, -73.9879 40.742, -73.9881 40.7419, -73.98899999999998 40.7413, -73.989019 40.741255, -73.987866 40.740666, -73.98603799999999 40.74119))",0.6388888888888888
367,71,46,"POLYGON ((-73.989627 40.74574699999999, -73.9909 40.7441, -73.99079999999999 40.7437, -73.98875699999999 40.742625, -73.987977 40.743065, -73.9873 40.744, -73.9871 40.7443, -73.98690000000001 40.7448, -73.98697199999999 40.745172, -73.989627 40.74574699999999))",0.39316239316239315
368,63,78,"POLYGON ((-73.98760799999999 40.739261, -73.98668000000001 40.739163, -73.9836 40.742277, -73.9837 40.7425, -73.98458000000001 40.742952, -73.985 40.7431, -73.985252 40.742825, -73.98716999999999 40.74059699999999, -73.98760799999999 40.739261))",0.5531914893617021
369,149,136,"POLYGON ((-73.992 40.7401, -73.9903 40.7445, -73.990388 40.74617199999999, -73.9914 40.7466, -73.9915 40.7465, -73.99378900000001 40.743329, -73.995819 40.740241, -73.9962 40.7382, -73.99379999999999 40.7386, -73.992 40.7401))",0.47719298245614034
370,41,18,"POLYGON ((-73.985463 40.74471, -73.9875 40.743, -73.98739999999999 40.7428, -73.9871 40.7427, -73.9862 40.7427, -73.98480000000001 40.7436, -73.98480000000001 40.7438, -73.985097 40.74458, -73.985212 40.744697, -73.985463 40.74471))",0.3050847457627119
371,38,27,"POLYGON ((-73.9834 40.7435, -73.98186 40.744887, -73.98269999999999 40.7453, -73.9829 40.7453, -73.9833 40.7452, -73.9836 40.7448, -73.98458199999999 40.743373, -73.98439999999999 40.7432, -73.984247 40.743152, -73.9834 40.7435))",0.4153846153846154
372,35,23,"POLYGON ((-73.98505 40.745973, -73.98504799999999 40.745065, -73.985 40.745, -73.9847 40.7449, -73.9841 40.745, -73.98269999999999 40.7471, -73.983 40.7477, -73.983552 40.747755, -73.98480000000001 40.7469, -73.9849 40.7468, -73.98505 40.745973))",0.39655172413793105
373,46,46,"POLYGON ((-73.98619599999999 40.745501, -73.98439999999999 40.7474, -73.98439999999999 40.7487, -73.98446 40.748737, -73.98480699999999 40.748757, -73.9863 40.7472, -73.98699999999999 40.7458, -73.986767 40.745437, -73.98654300000001 40.745392, -73.98619599999999 40.745501))",0.5
374,23,37,"POLYGON ((-73.9889 40.7495, -73.9898 40.7481, -73.98925 40.74757, -73.98764 40.747902, -73.987842 40.749405, -73.988359 40.749481, -73.9889 40.7495))",0.6166666666666667
375,11,12,"POLYGON ((-73.979456 40.766796, -73.979345 40.766502, -73.9783 40.7663, -73.9772 40.7661, -73.978185 40.766574, -73.97830400000001 40.766618, -73.9791 40.7669, -73.97927 40.76689, -73.979456 40.766796))",0.5217391304347826
376,18,28,"POLYGON ((-73.99160000000001 40.7423, -73.9897 40.7413, -73.989653 40.74133, -73.98943299999999 40.741523, -73.98907800000001 40.741877, -73.988917 40.74214, -73.98909999999999 40.7424, -73.9909 40.7425, -73.99113 40.742447, -73.99160000000001 40.7423))",0.6086956521739131
377,92,83,"POLYGON ((-73.990127 40.741007, -73.99339999999999 40.7389, -73.991648 40.738226, -73.9884 40.73771, -73.98791999999999 40.737639, -73.987736 40.737683, -73.9873 40.7384, -73.98699999999999 40.7389, -73.9897 40.741, -73.990127 40.741007))",0.4742857142857143
378,19,12,"POLYGON ((-73.997 40.7422, -73.99722299999999 40.742163, -73.997457 40.741762, -73.9975 40.7415, -73.997371 40.741323, -73.99679999999999 40.7414, -73.99672 40.741582, -73.9967 40.7419, -73.9967 40.7421, -73.997 40.7422))",0.3870967741935484
379,20,15,"POLYGON ((-73.98520000000001 40.7577, -73.9846 40.7584, -73.98464799999999 40.75879699999999, -73.984672 40.758937, -73.984785 40.759102, -73.9875 40.7588, -73.9858 40.7578, -73.98520000000001 40.7577))",0.42857142857142855
380,12,14,"POLYGON ((-73.98494699999999 40.759507, -73.985219 40.760281, -73.9854 40.7604, -73.98565699999999 40.760507, -73.98586999999999 40.760342, -73.9864 40.7599, -73.98609999999999 40.7597, -73.98569999999999 40.7595, -73.98533499999999 40.759415, -73.98494699999999 40.759507))",0.5384615384615384
381,14,22,"POLYGON ((-73.98553000000001 40.763117, -73.9871 40.7627, -73.98739999999999 40.7622, -73.98739999999999 40.7619, -73.9871 40.7617, -73.986338 40.761578, -73.986065 40.761867, -73.98553000000001 40.763117))",0.6111111111111112
382,30,50,"POLYGON ((-73.987238 40.761445, -73.989437 40.758907, -73.98947 40.758865, -73.98950000000001 40.7588, -73.989188 40.758393, -73.988895 40.758252, -73.98791300000001 40.758977, -73.985698 40.760791, -73.98690000000001 40.76138, -73.987238 40.761445))",0.625
383,152,88,"POLYGON ((-73.98905000000001 40.75354, -73.98769 40.75174699999999, -73.98739999999999 40.7519, -73.9867 40.7526, -73.9855 40.7539, -73.9851 40.757, -73.985277 40.757277, -73.98636999999999 40.7579, -73.9879 40.7564, -73.9881 40.7561, -73.98905000000001 40.75354))",0.36666666666666664
384,26,25,"POLYGON ((-73.9718 40.7521, -73.97150000000001 40.753, -73.9716 40.7533, -73.9723 40.7536, -73.97239999999999 40.7536, -73.9731 40.7534, -73.97322700000001 40.753282, -73.9735 40.7529, -73.973493 40.75266, -73.97331899999999 40.752497, -73.9718 40.7521))",0.49019607843137253
385,84,78,"POLYGON ((-73.96810000000001 40.7579, -73.9679 40.7597, -73.967975 40.75971699999999, -73.96825699999999 40.75976, -73.968755 40.75938499999999, -73.97190000000001 40.7561, -73.971405 40.754907, -73.9705 40.7549, -73.96994000000001 40.755182, -73.96810000000001 40.7579))",0.48148148148148145
386,34,25,"POLYGON ((-73.99054 40.752355, -73.98983800000001 40.75135, -73.98820000000001 40.7517, -73.988282 40.752489, -73.988647 40.75302199999999, -73.9893 40.7532, -73.9905 40.7526, -73.99054 40.752355))",0.423728813559322
387,99,234,"POLYGON ((-73.990022 40.750695, -73.990222 40.751352, -73.9907 40.7519, -73.9909 40.7518, -73.99271800000001 40.750341, -73.99423399999999 40.747665, -73.99548900000001 40.745405, -73.99683 40.742746, -73.9969 40.7425, -73.99600000000002 40.7426, -73.99369200000001 40.745202, -73.99339999999999 40.7456, -73.990022 40.750695))",0.7027027027027027
388,9,11,"POLYGON ((-73.97356500000001 40.752192, -73.973907 40.751974, -73.97412800000001 40.751748, -73.974253 40.75152199999999, -73.97399999999998 40.7515, -73.9739 40.7515, -73.973485 40.751632, -73.9735 40.7521, -73.97356500000001 40.752192))",0.55
389,6,11,"POLYGON ((-73.9697 40.7594, -73.969655 40.75987, -73.969875 40.759852, -73.9709 40.7597, -73.97041999999999 40.75941, -73.9697 40.7594))",0.6470588235294118
390,26,15,"POLYGON ((-73.98480000000001 40.762, -73.985055 40.760785, -73.985021 40.760573, -73.98475999999999 40.760342, -73.984522 40.760507, -73.9842 40.761, -73.9838 40.7617, -73.9836 40.7621, -73.98385 40.762192, -73.98399599999999 40.762243, -73.98480000000001 40.762))",0.36585365853658536
391,10,8,"POLYGON ((-73.98350000000001 40.7628, -73.9836 40.7626, -73.98350000000001 40.7624, -73.98309999999999 40.7622, -73.9829 40.7623, -73.98291 40.762607, -73.9832 40.7628, -73.98350000000001 40.7628))",0.4444444444444444
392,9,15,"POLYGON ((-73.982 40.7614, -73.98295 40.76193, -73.983092 40.761907, -73.98329699999999 40.761517, -73.98331400000001 40.760999, -73.983315 40.760887, -73.9833 40.7608, -73.98324699999999 40.76073, -73.98217 40.76121699999999, -73.982 40.7614))",0.625
393,10,5,"POLYGON ((-73.9846 40.7513, -73.98560000000001 40.7512, -73.9851 40.751, -73.9843 40.7508, -73.9842 40.7508, -73.983671 40.750868, -73.9846 40.7513))",0.3333333333333333
394,27,24,"POLYGON ((-73.985028 40.75056, -73.986267 40.751892, -73.98652800000001 40.751872, -73.98789499999999 40.75066, -73.988101 40.750141, -73.98808100000001 40.749779, -73.987505 40.749612, -73.98520000000001 40.7502, -73.9851 40.7504, -73.985028 40.75056))",0.47058823529411764
395,125,53,"POLYGON ((-73.98253800000001 40.749185, -73.979652 40.75082, -73.981542 40.752534, -73.98203000000001 40.752801, -73.9836 40.7535, -73.98520000000001 40.7536, -73.98565000000001 40.753147, -73.986036 40.752432, -73.98602700000001 40.752285, -73.986 40.7522, -73.98593199999999 40.75199, -73.9838 40.7495, -73.9834 40.7491, -73.9833 40.7491, -73.98253800000001 40.749185))",0.29775280898876405
396,41,57,"POLYGON ((-73.98116800000001 40.763992, -73.9787 40.764, -73.979282 40.76616, -73.979606 40.76625, -73.9817 40.7663, -73.981388 40.764507, -73.9813 40.7641, -73.98116800000001 40.763992))",0.5816326530612245
397,33,24,"POLYGON ((-73.97539999999999 40.7531, -73.9742 40.7524, -73.97412199999999 40.752486, -73.97369999999999 40.7538, -73.9736 40.7545, -73.973972 40.754482, -73.97491600000001 40.753946, -73.9753 40.7533, -73.97539999999999 40.7531))",0.42105263157894735
398,16,9,"POLYGON ((-73.980536 40.753246, -73.981925 40.753243, -73.9819 40.7531, -73.98090000000001 40.7525, -73.9804 40.7525, -73.98011099999999 40.752659, -73.980536 40.753246))",0.36
399,27,12,"POLYGON ((-73.9823 40.7538, -73.9813 40.7535, -73.9807 40.7535, -73.98040300000001 40.753795, -73.98050000000001 40.7547, -73.980552 40.754822, -73.9812 40.7547, -73.9815 40.7545, -73.9823 40.7538))",0.3076923076923077
400,67,49,"POLYGON ((-73.98100000000002 40.761, -73.98260000000001 40.7608, -73.983 40.7594, -73.983052 40.75907, -73.9811 40.7589, -73.980825 40.759067, -73.97933399999999 40.760339, -73.9796 40.7608, -73.97969999999999 40.7609, -73.98100000000002 40.761))",0.4224137931034483
401,223,102,"POLYGON ((-73.9846 40.7575, -73.98489499999999 40.753827, -73.9824 40.7541, -73.9811 40.7552, -73.98090000000001 40.7555, -73.98090000000001 40.7556, -73.981036 40.758555, -73.981972 40.75903, -73.9824 40.7591, -73.9846 40.7575))",0.31384615384615383
402,8,19,"POLYGON ((-73.96703199999999 40.764965, -73.96771 40.763432, -73.96705 40.763139, -73.9667 40.7632, -73.96639999999999 40.7633, -73.966121 40.76476, -73.9663 40.7649, -73.966758 40.764955, -73.96703199999999 40.764965))",0.7037037037037037
403,9,7,"POLYGON ((-73.9829 40.7645, -73.98260000000001 40.7638, -73.9821 40.764, -73.98220000000001 40.7643, -73.98253100000001 40.764498, -73.98280200000001 40.764512, -73.9829 40.7645))",0.4375
404,10,15,"POLYGON ((-73.9713 40.7537, -73.97110000000001 40.7539, -73.971 40.7541, -73.970968 40.75423, -73.9713 40.7545, -73.9718 40.7547, -73.972022 40.75436699999999, -73.97205 40.754285, -73.97202800000001 40.75411500000001, -73.97193100000001 40.753791, -73.97182600000001 40.753766, -73.9713 40.7537))",0.6
405,13,7,"POLYGON ((-73.97969999999999 40.7596, -73.980248 40.75941, -73.9802 40.7591, -73.980006 40.758866, -73.9798 40.7587, -73.9791 40.7585, -73.9787 40.7584, -73.9785 40.7585, -73.97969999999999 40.7596))",0.35
406,1410,1091,"POLYGON ((-73.9833 40.7636, -73.980305 40.752003, -73.9794 40.7501, -73.97929999999999 40.75, -73.978717 40.749775, -73.97839999999999 40.7499, -73.97541899999999 40.751104, -73.974677 40.751725, -73.9725 40.7539, -73.9676 40.7613, -73.96689000000001 40.76647, -73.967252 40.7666, -73.97920000000001 40.7655, -73.9829 40.764, -73.9833 40.7636))",0.43622550979608155
407,41,37,"POLYGON ((-73.9782 40.7502, -73.97629000000001 40.748888, -73.97568299999999 40.748668, -73.9753 40.7491, -73.974735 40.75003, -73.97462 40.750255, -73.97620000000001 40.7509, -73.97669999999999 40.751, -73.9777 40.7507, -73.9782 40.7502))",0.47435897435897434
408,28,31,"POLYGON ((-73.9714 40.7496, -73.97369999999999 40.7512, -73.974305 40.751186, -73.97515 40.750645, -73.9727 40.7492, -73.97259 40.749177, -73.97170699999999 40.74939000000001, -73.97150000000001 40.7495, -73.9714 40.7496))",0.5254237288135594
